"","brand","model","processor_brand","processor_name","processor_gnrtn","processor_gnrtn_isBAD","ram_gb","ram_type","ssd","hdd","os","os_bit","graphic_card_gb","weight","display_size","display_size_isBAD","warranty","Touchscreen","msoffice","latest_price","old_price","discount","star_rating","ratings","reviews","latest_price_cat"
"1","Lenovo","A6-9225","AMD","A6-9225 Processor",10,0,4,"DDR4",0,1024,"Windows","64-bit",0,"ThinNlight",15.1220212765957,1,0,"No","No",403.064516129032,32790,23,3.7,63,12,"low"
"2","Lenovo","Ideapad","AMD","APU Dual",10,0,4,"DDR4",0,512,"Windows","64-bit",0,"Casual",15.1220212765957,1,0,"No","No",315.967741935484,21325,8,3.6,1894,256,"low"
"3","Avita","PURA","AMD","APU Dual",10,0,4,"DDR4",128,0,"Windows","64-bit",0,"ThinNlight",15.1220212765957,1,0,"No","No",322.41935483871,27990,28,3.7,1153,159,"low"
"4","Avita","PURA","AMD","APU Dual",10,0,4,"DDR4",128,0,"Windows","64-bit",0,"ThinNlight",15.1220212765957,1,0,"No","No",346.612903225806,27990,23,3.7,1153,159,"low"
"5","Avita","PURA","AMD","APU Dual",10,0,4,"DDR4",256,0,"Windows","64-bit",0,"ThinNlight",15.1220212765957,1,0,"No","No",403.064516129032,33490,25,3.7,1657,234,"low"
"6","Avita","PURA","AMD","APU Dual",10,0,8,"DDR4",256,0,"Windows","64-bit",0,"ThinNlight",14,0,0,"No","No",403.064516129032,33490,25,3.7,1657,234,"low"
"7","HP","APU","AMD","APU Dual",10,0,4,"DDR4",0,1024,"Windows","32-bit",0,"Casual",14,0,0,"No","No",337.096774193548,22825,8,3.9,1185,141,"low"
"8","Lenovo","APU","AMD","APU Dual",10,0,4,"DDR4",0,1024,"Windows","64-bit",0,"Casual",15.1220212765957,1,0,"No","No",353.161290322581,0,0,3.9,219,18,"low"
"10","acer","Aspire","AMD","Athlon Dual",10,0,4,"DDR4",256,0,"Windows","64-bit",0,"Casual",15.1220212765957,1,1,"No","No",515.967741935484,36990,13,4.2,76,13,"low"
"11","ASUS","ExpertBook","Intel","Core i3",10,0,4,"DDR4",0,1024,"Windows","64-bit",0,"Casual",15.6,0,0,"No","No",558.854838709677,41990,17,2.3,3,0,"low"
"12","Lenovo","_invalid_","Intel","Core i3",10,0,4,"DDR4",0,1024,"Windows","64-bit",0,"Casual",15.1220212765957,1,0,"No","No",629.016129032258,42705,8,3.8,65,5,"low"
"13","Lenovo","v15","Intel","Core i3",10,0,4,"DDR4",0,1024,"Windows","64-bit",0,"Casual",15.6,0,0,"No","No",645.145161290323,43999,9,3.1,8,1,"low"
"17","ASUS","EeeBook","Intel","Celeron Dual",10.3318112633181,1,4,"DDR4",0,512,"Windows","32-bit",0,"Casual",15.1220212765957,1,0,"No","No",354.677419354839,25990,15,3.5,31,3,"low"
"20","acer","Aspire","AMD","Ryzen",10,0,4,"DDR4",0,512,"Windows","32-bit",4,"Casual",15.1220212765957,1,0,"No","No",886.935483870968,89000,38,4.5,3190,414,"mid"
"21","acer","Nitro","AMD","Ryzen 5",10,0,4,"DDR4",0,512,"Windows","32-bit",4,"Casual",15.1220212765957,1,0,"No","No",967.58064516129,99999,40,4.5,1946,240,"mid"
"22","acer","Nitro","AMD","Ryzen 5",10,0,4,"DDR4",0,512,"Windows","32-bit",6,"Casual",15.1220212765957,1,0,"No","No",1511.29032258065,139000,32,4.5,259,47,"high"
"23","acer","Nitro","AMD","Ryzen 5",10,0,4,"DDR4",0,512,"Windows","32-bit",4,"Casual",15.1220212765957,1,0,"No","No",1177.25806451613,99999,27,4.5,425,67,"mid"
"24","Avita","Cosmos","Intel","Celeron Dual",10.3318112633181,1,4,"DDR4",0,512,"Windows","64-bit",0,"Casual",15.1220212765957,1,0,"No","No",282.096774193548,23490,25,3.6,1120,196,"low"
"29","Lenovo","IdeaPad","Intel","Celeron Dual",10.3318112633181,1,4,"DDR4",256,0,"Windows","64-bit",0,"ThinNlight",14,0,0,"No","No",516.112903225806,38999,17,4,286,19,"low"
"30","HP","Celeron","Intel","Celeron Dual",10.3318112633181,1,8,"DDR4",256,0,"Windows","64-bit",0,"ThinNlight",14,0,0,"No","No",524.032258064516,39288,17,4,58,6,"low"
"32","ASUS","VivoBook","Intel","Celeron Dual",10.3318112633181,1,4,"DDR4",256,0,"Windows","64-bit",0,"Casual",15.1220212765957,1,0,"No","No",482.096774193548,33990,12,4,7,0,"low"
"33","ASUS","Celeron","Intel","Celeron Dual",10.3318112633181,1,4,"DDR4",0,1024,"Windows","64-bit",0,"Casual",15.6,0,1,"No","No",386.935483870968,26990,11,3.8,15279,1947,"low"
"34","HP","15q","Intel","Core i3",7,0,4,"DDR4",0,1024,"Windows","64-bit",0,"Casual",15.6,0,0,"No","No",531.532258064516,0,0,4.2,311,27,"low"
"35","HP","250-G6","Intel","Core i5",7,0,4,"DDR4",0,1024,"Windows","32-bit",2,"Casual",15.6,0,0,"No","No",745.161290322581,0,0,4.2,47,7,"mid"
"36","ASUS","_invalid_","Intel","Core i3",11,0,4,"DDR4",256,0,"Windows","64-bit",0,"ThinNlight",14,0,0,"No","No",555.306451612903,49990,31,4.1,37,6,"low"
"37","Lenovo","IdeaPad","Intel","Core i3",10,0,8,"DDR4",256,0,"Windows","32-bit",0,"ThinNlight",15.6,0,2,"No","Yes",612.741935483871,57990,34,4.3,2080,235,"low"
"38","ASUS","VivoBook","Intel","Core i3",11,0,4,"DDR4",256,0,"Windows","32-bit",0,"Casual",15.6,0,1,"No","Yes",580.483870967742,49990,28,4.3,1479,181,"low"
"39","ASUS","VivoBook","Intel","Core i3",10,0,8,"DDR4",256,0,"Windows","64-bit",0,"ThinNlight",14,0,0,"No","No",548.064516129032,46990,27,4.4,67,3,"low"
"40","HP","_invalid_","Intel","Core i3",11,0,8,"DDR4",256,0,"Windows","64-bit",0,"ThinNlight",14,0,1,"No","Yes",645,50085,20,4.2,273,30,"low"
"41","DELL","Vostro","Intel","Core i3",10,0,8,"DDR4",256,0,"Windows","64-bit",0,"ThinNlight",14,0,1,"No","Yes",636.935483870968,43312,8,4.3,1267,171,"low"
"42","RedmiBook","15","Intel","Core i3",11,0,8,"DDR4",256,0,"Windows","32-bit",0,"ThinNlight",15.6,0,1,"No","No",628.870967741935,51999,25,4.3,1063,152,"low"
"43","HP","Pavilion","Intel","Core i3",11,0,8,"DDR4",256,0,"Windows","64-bit",0,"Casual",14,0,1,"Yes","Yes",870.806451612903,63510,14,4.6,14,0,"mid"
"45","realme","Book","Intel","Core i3",11,0,8,"DDR4",256,0,"Windows","64-bit",0,"ThinNlight",14,0,1,"No","Yes",757.903225806452,54999,14,4.4,6352,1014,"mid"
"46","ASUS","_invalid_","Intel","Core i3",11,0,8,"DDR4",256,0,"Windows","64-bit",0,"ThinNlight",15.6,0,1,"No","No",612.741935483871,52990,28,4.3,284,39,"low"
"47","ASUS","VivoBook","Intel","Core i3",11,0,8,"DDR4",256,0,"Windows","64-bit",0,"Casual",14,0,1,"No","Yes",611.129032258065,51990,27,4.6,44,5,"low"
"48","Lenovo","IdeaPad","Intel","Core i3",11,0,8,"DDR4",256,0,"Windows","64-bit",0,"ThinNlight",14,0,1,"No","No",628.870967741935,60890,35,4.2,33,4,"low"
"49","Lenovo","IdeaPad","Intel","Core i3",10,0,8,"DDR4",256,0,"Windows","64-bit",0,"ThinNlight",14,0,0,"No","No",612.741935483871,57990,34,4.2,286,36,"low"
"50","DELL","Vostro","Intel","Core i3",11,0,8,"DDR4",256,0,"Windows","64-bit",0,"ThinNlight",14.96,0,1,"No","Yes",677.258064516129,54510,22,3.6,10,5,"low"
"51","ASUS","VivoBook","Intel","Core i3",11,0,8,"DDR4",256,0,"Windows","64-bit",0,"Casual",15.6,0,1,"No","No",741.774193548387,58990,22,4.5,816,147,"mid"
"52","Lenovo","IdeaPad","Intel","Core i3",11,0,8,"DDR4",256,0,"Windows","64-bit",0,"ThinNlight",15.6,0,1,"No","No",645,61590,35,4.3,543,65,"low"
"53","DELL","Inspiron","Intel","Core i3",11,0,8,"DDR4",256,0,"Windows","64-bit",0,"ThinNlight",15.6,0,0,"No","No",685.322580645161,59654,28,4.8,9,1,"low"
"54","Infinix","INBook","Intel","Core i3",10,0,8,"LPDDR4X",256,0,"Windows","64-bit",0,"ThinNlight",14,0,0,"No","No",532.096774193548,49999,34,4.3,1221,265,"low"
"55","DELL","Vostro","Intel","Core i3",10,0,4,"DDR4",256,0,"Windows","64-bit",0,"ThinNlight",14,0,1,"No","Yes",596.612903225806,40614,8,4.3,1178,137,"low"
"56","Lenovo","Ideapad","Intel","Core i3",11,0,8,"DDR4",256,0,"Windows","64-bit",0,"Casual",14,0,1,"Yes","Yes",870.806451612903,75490,28,4.4,299,41,"mid"
"57","ASUS","VivoBook","Intel","Core i3",11,0,8,"DDR4",256,0,"Windows","64-bit",0,"ThinNlight",14,0,0,"No","No",596.612903225806,52990,30,4.4,20,1,"low"
"58","Lenovo","IdeaPad","Intel","Core i3",10,0,4,"DDR4",256,0,"Windows","64-bit",0,"Casual",15.6,0,2,"No","No",628.064516129032,48200,19,4.3,758,64,"low"
"59","DELL","Inspiron","Intel","Core i3",10,0,4,"DDR4",256,0,"Windows","64-bit",0,"Casual",15,0,1,"No","Yes",636.935483870968,55490,28,4.4,634,64,"low"
"60","ASUS","VivoBook","Intel","Core i3",11,0,8,"DDR4",256,0,"Windows","64-bit",0,"Casual",15.6,0,1,"No","No",741.774193548387,58990,22,4.5,816,147,"mid"
"61","Lenovo","Ideapad","Intel","Core i3",10,0,8,"DDR4",256,0,"Windows","64-bit",0,"Casual",15.6,0,2,"No","Yes",645.145161290323,59999,33,5,4,0,"low"
"62","DELL","Inspiron","Intel","Core i3",11,0,8,"DDR4",256,0,"Windows","64-bit",0,"ThinNlight",15.6,0,1,"No","No",693.387096774194,56776,24,4.3,17,2,"low"
"63","DELL","Inspiron","Intel","Core i3",11,0,8,"DDR4",256,0,"Windows","64-bit",0,"Casual",14,0,1,"Yes","No",806.290322580645,68658,27,4.2,24,5,"mid"
"64","DELL","Vostro","Intel","Core i3",11,0,8,"DDR4",256,0,"Windows","64-bit",0,"ThinNlight",14,0,1,"No","Yes",669.193548387097,55448,25,4.3,1753,165,"low"
"65","DELL","Inspiron","Intel","Core i3",11,0,8,"DDR4",256,0,"Windows","64-bit",0,"ThinNlight",14.96,0,0,"No","No",677.258064516129,57670,27,4.2,216,21,"low"
"66","Lenovo","Ideapad","Intel","Core i3",11,0,8,"DDR4",256,0,"Windows","64-bit",0,"ThinNlight",14,0,1,"No","Yes",677.258064516129,57290,26,4.4,1084,160,"low"
"67","Infinix","INBook","Intel","Core i3",10,0,8,"LPDDR4X",256,0,"Windows","64-bit",0,"ThinNlight",14,0,0,"No","No",532.096774193548,49999,34,4.3,1221,265,"low"
"68","ASUS","VivoBook","Intel","Core i3",11,0,8,"DDR4",256,0,"Windows","64-bit",0,"Casual",15.6,0,1,"No","No",620.806451612903,51990,25,3.8,19,3,"low"
"69","Lenovo","_invalid_","Intel","Core i3",11,0,4,"DDR4",256,0,"Windows","64-bit",0,"ThinNlight",15,0,1,"No","Yes",628.870967741935,51544,24,4.4,106,13,"low"
"70","Lenovo","ThinkPad","Intel","Core i3",11,0,4,"DDR4",256,0,"Windows","64-bit",0,"Casual",15.6,0,1,"No","Yes",725.645161290323,59239,24,4.1,42,4,"mid"
"73","HP","_invalid_","Intel","Core i3",11,0,4,"DDR4",256,0,"Windows","64-bit",0,"ThinNlight",15.1220212765957,1,1,"No","Yes",724.193548387097,51000,11,4.2,1029,107,"mid"
"74","MSI","_invalid_","Intel","Core i3",10,0,4,"DDR4",256,0,"Windows","64-bit",0,"ThinNlight",15.1220212765957,1,0,"No","No",628.870967741935,53900,27,4.5,53,11,"low"
"77","Lenovo","Ideapad","Intel","Core i3",10,0,4,"DDR4",256,0,"Windows","64-bit",0,"Casual",15.1220212765957,1,1,"No","Yes",648.387096774194,49999,19,3.9,48,1,"low"
"78","Lenovo","_invalid_","Intel","Core i3",10,0,4,"DDR4",256,0,"Windows","32-bit",0,"Casual",15.1220212765957,1,0,"No","No",661.129032258065,56800,27,3.7,3,0,"low"
"80","realme","Book","Intel","Core i3",11,0,4,"DDR4",256,0,"Windows","64-bit",0,"ThinNlight",15.1220212765957,1,1,"No","Yes",774.177419354839,54999,12,4.4,6352,1014,"mid"
"81","acer","Chromebook","Intel","Celeron Dual",10.3318112633181,1,4,"DDR4",0,512,"Windows","32-bit",0,"Casual",15.1220212765957,1,0,"No","No",386.935483870968,27000,11,3.3,61,4,"low"
"82","DELL","_invalid_","Intel","Core i3",11,0,4,"DDR4",256,0,"Windows","64-bit",0,"Casual",15.1220212765957,1,0,"Yes","No",1161.27419354839,72246,0,4.3,97,13,"mid"
"83","ASUS","VivoBook","Intel","Core i3",11,0,4,"DDR4",256,0,"Windows","64-bit",0,"Casual",15.1220212765957,1,1,"No","No",645,52990,24,4.4,181,19,"low"
"84","Lenovo","IdeaPad","Intel","Core i3",10,0,4,"DDR4",256,0,"Windows","64-bit",0,"Casual",15.1220212765957,1,1,"No","Yes",677.387096774194,56590,25,4.4,529,39,"low"
"88","Lenovo","Ideapad","Intel","Core i3",11,0,4,"DDR4",256,0,"Windows","64-bit",0,"Casual",15.1220212765957,1,0,"No","No",645.129032258065,60090,33,4.2,10,1,"low"
"89","HP","14s","Intel","Core i3",11,0,4,"DDR4",256,0,"Windows","64-bit",0,"ThinNlight",15.1220212765957,1,1,"No","Yes",685.322580645161,45892,7,4.4,5205,561,"low"
"90","Lenovo","_invalid_","Intel","Core i3",10,0,4,"DDR4",256,0,"Windows","32-bit",0,"Casual",15.1220212765957,1,0,"No","No",677.258064516129,49800,15,3.7,3,0,"low"
"92","HP","_invalid_","Intel","Core i3",11,0,4,"DDR4",256,0,"Windows","64-bit",0,"ThinNlight",15.1220212765957,1,1,"No","Yes",715.741935483871,45376,2,4.2,1090,96,"low"
"95","Lenovo","_invalid_","Intel","Core i3",10,0,4,"DDR4",256,0,"Windows","32-bit",0,"Casual",15.1220212765957,1,0,"No","No",661.129032258065,48900,16,5,1,1,"low"
"96","DELL","Inspiron","Intel","Core i3",10,0,4,"DDR4",256,0,"Windows","64-bit",0,"ThinNlight",15.1220212765957,1,1,"No","No",645,49821,19,4,44,2,"low"
"98","ASUS","VivoBook","Intel","Core i3",11,0,4,"DDR4",256,0,"Windows","64-bit",0,"ThinNlight",15.1220212765957,1,1,"No","No",596.612903225806,44990,17,4.5,70,9,"low"
"101","ASUS","Chromebook","Intel","Celeron Dual",10.3318112633181,1,4,"LPDDR4",0,512,"Windows","32-bit",0,"Casual",15.1220212765957,1,0,"No","No",378.870967741935,29990,21,4.2,632,92,"low"
"102","HP","Pavilion","Intel","Core i3",8,0,4,"DDR4",256,0,"Windows","64-bit",0,"Casual",14,0,1,"Yes","Yes",874.806451612903,0,0,4.4,71,8,"mid"
"103","ASUS","VivoBook","Intel","Core i3",10,0,8,"DDR4",512,0,"Windows","64-bit",0,"Casual",15.6,0,1,"No","No",612.741935483871,50990,25,4.3,990,108,"low"
"104","HP","_invalid_","Intel","Core i3",11,0,8,"DDR4",512,0,"Windows","64-bit",0,"ThinNlight",15.6,0,1,"No","Yes",693.387096774194,57330,25,4.4,158,18,"low"
"105","HP","_invalid_","Intel","Core i3",11,0,8,"DDR4",512,0,"Windows","64-bit",0,"ThinNlight",15.6,0,1,"No","Yes",693.387096774194,49590,13,4.3,681,59,"low"
"106","ASUS","VivoBook","Intel","Core i3",10,0,4,"DDR4",512,0,"Windows","64-bit",0,"Casual",15.6,0,1,"No","No",580.483870967742,49990,28,4.4,130,12,"low"
"107","RedmiBook","15","Intel","Core i3",11,0,8,"DDR4",512,0,"Windows","32-bit",0,"ThinNlight",15.6,0,1,"No","No",693.387096774194,55999,23,4.3,1063,152,"low"
"108","ASUS","VivoBook","Intel","Core i3",11,0,8,"DDR4",512,0,"Windows","64-bit",0,"Casual",14,0,1,"No","No",693.387096774194,57990,25,4.3,30,4,"low"
"109","ASUS","VivoBook","Intel","Core i3",11,0,8,"LPDDR4X",512,0,"Windows","32-bit",0,"Casual",14,0,1,"Yes","Yes",838.548387096774,67990,23,4.7,6,2,"mid"
"110","ASUS","VivoBook","Intel","Core i3",11,0,8,"DDR4",512,0,"Windows","64-bit",0,"Casual",15.6,0,1,"No","No",790.161290322581,62990,22,4.5,174,30,"mid"
"111","ASUS","VivoBook","Intel","Core i3",11,0,8,"DDR4",512,0,"Windows","64-bit",0,"Casual",14,0,1,"No","No",693.387096774194,57990,25,4.5,40,7,"low"
"112","Lenovo","_invalid_","Intel","Core i3",10,0,8,"DDR4",512,0,"Windows","64-bit",0,"ThinNlight",15.6,0,1,"No","No",628.870967741935,62190,37,3.9,13,1,"low"
"113","DELL","Inspiron","Intel","Core i3",11,0,8,"DDR4",512,0,"Windows","64-bit",0,"ThinNlight",14.96,0,0,"No","No",741.774193548387,60908,24,4.3,184,29,"mid"
"114","HP","_invalid_","Intel","Core i3",10,0,8,"DDR4",512,0,"Windows","64-bit",0,"ThinNlight",15.6,0,1,"No","Yes",685.322580645161,50294,15,4.3,1296,126,"low"
"115","HP","_invalid_","Intel","Core i3",11,0,8,"DDR4",512,0,"Windows","64-bit",0,"ThinNlight",15.6,0,1,"No","Yes",709.193548387097,50196,12,4.3,571,56,"low"
"116","ASUS","_invalid_","Intel","Core i3",10,0,4,"DDR4",512,0,"Windows","64-bit",0,"ThinNlight",15.6,0,1,"No","Yes",645,49990,20,4.3,2551,297,"low"
"117","MSI","_invalid_","Intel","Core i3",11,0,8,"DDR4",512,0,"Windows","64-bit",0,"ThinNlight",14,0,0,"No","No",790.161290322581,49590,1,4.5,17,3,"mid"
"118","HP","Pavilion","Intel","Core i3",11,0,8,"DDR4",512,0,"Windows","64-bit",0,"Casual",14,0,1,"No","Yes",886.935483870968,69267,20,4.5,35,3,"mid"
"119","MSI","_invalid_","Intel","Core i3",10,0,8,"DDR4",512,0,"Windows","64-bit",0,"ThinNlight",14,0,0,"No","No",661.129032258065,55990,26,4.4,118,17,"low"
"121","Lenovo","IdeaPad","Intel","Core i3",11,0,8,"DDR4",512,0,"Windows","64-bit",0,"ThinNlight",14,0,1,"Yes","No",886.935483870968,79690,30,4.5,245,34,"mid"
"122","ASUS","VivoBook","Intel","Core i3",11,0,8,"DDR4",512,0,"Windows","64-bit",0,"Casual",14,0,1,"No","Yes",725.645161290323,46390,3,4.4,2058,305,"mid"
"123","HP","_invalid_","Intel","Core i3",11,0,8,"DDR4",512,0,"Windows","64-bit",0,"Casual",15.6,0,1,"No","No",665.322580645161,46602,11,4.1,117,11,"low"
"125","ASUS","VivoBook","Intel","Core i3",11,0,8,"DDR4",512,0,"Windows","64-bit",0,"Casual",14,0,1,"No","No",693.387096774194,57990,25,4.7,74,11,"low"
"126","DELL","_invalid_","Intel","Core i3",11,0,8,"DDR4",512,0,"Windows","64-bit",0,"Casual",14,0,1,"Yes","No",980.483870967742,78307,22,4.4,10,1,"mid"
"127","HP","_invalid_","Intel","Core i3",11,0,8,"DDR4",512,0,"Windows","64-bit",0,"Casual",15.6,0,0,"No","No",736.290322580645,55202,17,4.1,39,4,"mid"
"128","DELL","Vostro","Intel","Core i3",10,0,8,"DDR4",512,0,"Windows","64-bit",0,"ThinNlight",14,0,1,"No","Yes",677.258064516129,49826,15,3.9,29,7,"low"
"129","DELL","Inspiron","Intel","Core i3",10,0,8,"DDR4",512,0,"Windows","64-bit",0,"ThinNlight",15.6,0,1,"No","No",733.709677419355,60046,24,4.2,43,4,"mid"
"131","Lenovo","IdeaPad","Intel","Core i3",11,0,8,"DDR4",512,0,"Windows","64-bit",0,"ThinNlight",15.6,0,2,"No","Yes",693.387096774194,63790,32,4.4,984,99,"low"
"132","HP","15s","Intel","Core i3",11,0,4,"DDR4",512,0,"Windows","64-bit",0,"ThinNlight",15.1220212765957,1,1,"No","Yes",733.709677419355,46990,3,4.3,523,66,"mid"
"133","HP","_invalid_","Intel","Core i3",10,0,4,"DDR4",512,0,"Windows","32-bit",0,"Casual",15.1220212765957,1,0,"No","No",625.790322580645,47916,19,4.4,30,1,"low"
"136","HP","_invalid_","Intel","Core i3",11,0,4,"DDR4",512,0,"Windows","64-bit",0,"ThinNlight",15.1220212765957,1,1,"No","Yes",774.032258064516,51165,6,4.3,1605,215,"mid"
"137","ASUS","VivoBook","Intel","Core i3",10,0,4,"DDR4",512,0,"Windows","64-bit",0,"Casual",15.1220212765957,1,1,"No","No",661.129032258065,49990,18,4.4,4008,519,"low"
"138","ASUS","_invalid_","Intel","Core i3",10,0,4,"DDR4",512,0,"Windows","64-bit",0,"ThinNlight",15.1220212765957,1,1,"No","Yes",693.387096774194,50990,15,4.4,1869,234,"low"
"139","ASUS","VivoBook","Intel","Core i3",11,0,4,"DDR4",512,0,"Windows","64-bit",0,"Casual",15.1220212765957,1,1,"No","No",724.032258064516,56999,21,3.9,7,0,"mid"
"140","ASUS","VivoBook","Intel","Core i3",10,0,4,"DDR4",512,0,"Windows","64-bit",0,"Casual",15.1220212765957,1,1,"No","No",669.193548387097,49990,17,4.4,4008,519,"low"
"142","HP","_invalid_","Intel","Core i3",11,0,4,"DDR4",512,0,"Windows","64-bit",0,"ThinNlight",15.1220212765957,1,1,"No","Yes",788.709677419355,50000,2,4.3,1278,135,"mid"
"143","ASUS","VivoBook","Intel","Core i3",10,0,4,"DDR4",512,0,"Windows","64-bit",0,"Casual",15.1220212765957,1,1,"No","No",661.129032258065,49990,18,4.4,4008,519,"low"
"145","Lenovo","Ideapad","Intel","Core i3",11,0,4,"DDR4",512,0,"Windows","64-bit",0,"Casual",15.1220212765957,1,1,"Yes","Yes",935.467741935484,85000,31,3.4,10,2,"mid"
"147","HP","Pavilion","Intel","Core i3",11,0,8,"DDR4",512,0,"Windows","64-bit",0,"Casual",14,0,1,"Yes","Yes",895,65853,15,4.3,143,15,"mid"
"148","ASUS","VivoBook","Intel","Core i3",10,0,8,"DDR4",0,1024,"Windows","64-bit",0,"Casual",14.1,0,1,"No","No",530.483870967742,46990,30,3.9,28,4,"low"
"149","Lenovo","IdeaPad","Intel","Core i3",10,0,8,"DDR4",0,1024,"Windows","64-bit",0,"ThinNlight",15.6,0,1,"No","Yes",580.483870967742,57290,37,4,2124,233,"low"
"150","DELL","Inspiron","Intel","Core i3",11,0,8,"DDR4",0,1024,"Windows","64-bit",0,"ThinNlight",15.6,0,0,"No","No",685.322580645161,50693,16,4,276,40,"low"
"151","DELL","Vostro","Intel","Core i3",11,0,8,"DDR4",0,1024,"Windows","64-bit",0,"ThinNlight",14,0,0,"No","No",680.483870967742,44780,5,3.9,250,21,"low"
"152","DELL","Vostro","Intel","Core i3",10,0,8,"DDR4",0,1024,"Windows","64-bit",0,"ThinNlight",14,0,1,"No","Yes",636.935483870968,54517,27,4,1917,189,"low"
"153","HP","15s","Intel","Core i3",11,0,8,"DDR4",0,1024,"Windows","64-bit",0,"ThinNlight",15.6,0,1,"No","Yes",704.677419354839,48933,10,4.1,4999,490,"low"
"154","ASUS","VivoBook","Intel","Core i3",10,0,4,"DDR4",0,1024,"Windows","64-bit",0,"Casual",15.6,0,1,"No","No",580.483870967742,48990,26,3.8,17,0,"low"
"155","DELL","3000","Intel","Core i3",11,0,8,"DDR4",0,1024,"Windows","32-bit",0,"Casual",15.6,0,0,"No","No",706.451612903226,55506,21,4.2,17,0,"low"
"157","ASUS","VivoBook","Intel","Core i3",10,0,4,"DDR4",0,1024,"Windows","64-bit",0,"ThinNlight",15.6,0,1,"No","No",564.354838709677,40990,14,3.7,4203,490,"low"
"158","ASUS","VivoBook","Intel","Core i3",11,0,8,"DDR4",0,1024,"Windows","64-bit",0,"Casual",15.6,0,1,"No","No",627.41935483871,51990,25,3.9,13,0,"low"
"159","DELL","Inspiron","Intel","Core i3",10,0,4,"DDR4",0,1024,"Windows","64-bit",0,"ThinNlight",15.1220212765957,1,1,"No","No",645,55534,27,3.8,15,1,"low"
"160","DELL","INSPIRON","Intel","Core i3",10,0,4,"DDR4",0,1024,"Windows","32-bit",0,"Casual",15.1220212765957,1,0,"No","No",659.516129032258,45990,11,4,527,46,"low"
"161","Lenovo","_invalid_","Intel","Core i3",10,0,4,"DDR4",0,1024,"Windows","64-bit",0,"ThinNlight",15.1220212765957,1,1,"No","No",596.612903225806,57990,36,3.7,103,10,"low"
"162","HP","15s","Intel","Core i3",11,0,4,"DDR4",0,1024,"Windows","64-bit",0,"ThinNlight",15.1220212765957,1,1,"No","Yes",645,45514,12,3.9,324,45,"low"
"163","HP","_invalid_","Intel","Core i3",11,0,4,"DDR4",0,1024,"Windows","64-bit",0,"ThinNlight",15.1220212765957,1,1,"No","Yes",677.258064516129,47264,11,4,69,5,"low"
"164","DELL","_invalid_","Intel","Core i3",11,0,4,"DDR4",0,1024,"Windows","32-bit",0,"Casual",15.1220212765957,1,0,"No","No",709.193548387097,46138,4,3.9,16,0,"low"
"165","HP","Notebook","Intel","Core i3",11,0,4,"DDR4",0,1024,"Windows","64-bit",0,"ThinNlight",15.1220212765957,1,1,"No","No",641.774193548387,43296,8,3.9,40,3,"low"
"166","ASUS","_invalid_","Intel","Core i3",10,0,4,"DDR4",0,1024,"Windows","32-bit",0,"ThinNlight",15.1220212765957,1,0,"No","No",574.032258064516,45990,22,3.4,12,1,"low"
"167","HP","14s","Intel","Core i3",10,0,4,"DDR4",0,1024,"Windows","64-bit",0,"ThinNlight",15.1220212765957,1,1,"No","Yes",588.548387096774,42787,14,3.8,1146,175,"low"
"168","ASUS","VivoBook","Intel","Core i3",10,0,4,"DDR4",0,1024,"Windows","64-bit",0,"ThinNlight",15.1220212765957,1,1,"No","Yes",628.870967741935,45990,15,4,1850,216,"low"
"169","ASUS","_invalid_","Intel","Core i3",10,0,4,"DDR4",0,1024,"Windows","32-bit",0,"ThinNlight",15.1220212765957,1,0,"No","No",548.225806451613,39990,15,3.7,43,7,"low"
"170","DELL","Inspiron","Intel","Core i3",10,0,4,"DDR4",0,1024,"Windows","64-bit",0,"Casual",15.1220212765957,1,1,"No","Yes",700,49000,11,4.1,231,26,"low"
"171","ASUS","Chromebook","Intel","Celeron Dual",10.3318112633181,1,4,"LPDDR4",0,512,"Windows","32-bit",0,"Casual",15.1220212765957,1,0,"No","No",403.064516129032,30990,19,4.2,502,93,"low"
"172","HP","15s","Intel","Core i3",10,0,4,"DDR4",0,1024,"Windows","64-bit",0,"ThinNlight",15.1220212765957,1,1,"No","Yes",657.258064516129,43090,5,4.1,1096,116,"low"
"173","DELL","Inspiron","Intel","Core i3",10,0,4,"DDR4",0,1024,"Windows","64-bit",0,"ThinNlight",15.1220212765957,1,1,"No","Yes",693.548387096774,46629,7,4.1,313,35,"low"
"174","ASUS","Vivo","Intel","Core i3",10,0,4,"DDR4",0,1024,"Windows","64-bit",0,"Casual",15.1220212765957,1,0,"No","No",612.903225806452,42990,11,4.7,7,0,"low"
"175","DELL","Inspiron","Intel","Core i3",11,0,8,"DDR4",0,1024,"Windows","64-bit",0,"ThinNlight",14.96,0,1,"No","Yes",612.741935483871,51493,26,3.7,265,46,"low"
"176","HP","DA","Intel","Core i3",7,0,8,"DDR4",0,1024,"Windows","64-bit",2,"Casual",15.6,0,0,"No","No",794.822580645161,0,0,4.5,38,3,"mid"
"177","Lenovo","_invalid_","Intel","Core i3",10,0,8,"DDR4",0,1024,"Windows","32-bit",0,"Casual",15.6,0,0,"No","No",629.016129032258,50990,23,3.6,7,2,"low"
"178","ASUS","_invalid_","Intel","Core i3",11,0,8,"DDR4",0,1024,"Windows","32-bit",0,"Casual",15.6,0,0,"No","No",669.354838709677,51990,20,3,4,0,"low"
"181","ASUS","Chromebook","Intel","Celeron Dual",10.3318112633181,1,4,"LPDDR4",0,512,"Windows","32-bit",0,"Casual",15.1220212765957,1,0,"No","No",346.612903225806,25990,17,3.9,818,113,"low"
"182","DELL","Insprion","Intel","Core i3",11,0,8,"DDR4",0,1024,"Windows","32-bit",0,"Casual",15.6,0,0,"No","No",669.032258064516,48990,15,3.8,25,4,"low"
"183","ASUS","VivoBook","Intel","Core i3",10,0,8,"DDR4",0,1024,"Windows","64-bit",0,"Casual",15.6,0,0,"No","No",532.096774193548,43990,25,2,12,0,"low"
"184","ASUS","VivoBook","Intel","Core i3",11,0,8,"DDR4",0,1024,"Windows","64-bit",0,"Casual",15.6,0,1,"No","No",623.870967741935,51990,25,3.2,17,1,"low"
"185","ASUS","Chromebook","Intel","Celeron Dual",10.3318112633181,1,4,"LPDDR4",0,512,"Windows","32-bit",0,"Casual",15.1220212765957,1,0,"No","No",386.935483870968,29990,20,4.1,974,170,"low"
"186","DELL","_invalid_","Intel","Core i3",10,0,8,"DDR4",0,1024,"Windows","64-bit",0,"ThinNlight",14.96,0,0,"No","No",651.451612903226,54992,26,3.2,83,15,"low"
"187","ASUS","VivoBook","Intel","Core i3",10,0,4,"DDR4",0,1024,"Windows","64-bit",0,"ThinNlight",14.1,0,0,"No","No",548.225806451613,39990,15,3.4,31,6,"low"
"188","ASUS","Chromebook","Intel","Celeron Dual",10.3318112633181,1,4,"LPDDR4",0,512,"Windows","32-bit",0,"Casual",15.1220212765957,1,0,"No","No",330.483870967742,24990,18,3.9,637,91,"low"
"189","DELL","Vostro","Intel","Core i3",10,0,8,"DDR4",256,1024,"Windows","64-bit",0,"ThinNlight",15.6,0,1,"No","Yes",669.193548387097,54782,24,5,7,5,"low"
"190","DELL","Inspiron","Intel","Core i3",11,0,8,"DDR4",256,1024,"Windows","64-bit",0,"Casual",15.6,0,0,"No","No",733.709677419355,60371,24,4.3,207,16,"mid"
"191","DELL","Inspiron","Intel","Core i3",11,0,8,"DDR4",256,1024,"Windows","64-bit",0,"Casual",15.6,0,0,"No","No",717.58064516129,57479,22,4.3,844,103,"low"
"192","ASUS","VivoBook","Intel","Core i3",11,0,8,"DDR4",256,1024,"Windows","64-bit",0,"Casual",14.1,0,1,"No","Yes",675.645161290323,57990,27,4.2,53,6,"low"
"193","DELL","Vostro","Intel","Core i3",11,0,4,"DDR4",256,1024,"Windows","64-bit",0,"ThinNlight",14,0,1,"No","Yes",693.387096774194,43126,0,4.1,62,7,"low"
"194","acer","Travelmate","Intel","Core i3",11,0,8,"DDR4",256,1024,"Windows","64-bit",0,"Casual",14,0,0,"No","No",661.129032258065,60000,31,4.2,38,2,"low"
"195","DELL","Inspiron","Intel","Core i3",11,0,8,"DDR4",256,1024,"Windows","64-bit",0,"ThinNlight",15.6,0,1,"No","No",790.161290322581,59990,18,4.1,724,92,"mid"
"197","DELL","Inspiron","Intel","Core i3",10,0,4,"DDR4",256,1024,"Windows","64-bit",0,"Casual",15.1220212765957,1,1,"No","No",720.806451612903,60122,25,4.3,9,0,"mid"
"201","DELL","Vostro","Intel","Core i3",10,0,4,"DDR4",256,1024,"Windows","64-bit",0,"ThinNlight",15.1220212765957,1,1,"No","Yes",667.58064516129,51976,20,4.2,56,7,"low"
"204","DELL","Vostro","Intel","Core i3",11,0,4,"DDR4",256,1024,"Windows","64-bit",0,"ThinNlight",15.1220212765957,1,1,"No","Yes",645,45810,12,3.9,170,11,"low"
"205","DELL","_invalid_","Intel","Core i3",10,0,8,"DDR4",256,1024,"Windows","64-bit",0,"ThinNlight",15.6,0,0,"No","No",748.225806451613,59101,21,2.9,95,5,"mid"
"206","ASUS","Chromebook","Intel","Celeron Dual",10.3318112633181,1,4,"LPDDR4",0,512,"Windows","64-bit",0,"Casual",15.1220212765957,1,0,"No","No",306.290322580645,22990,17,3.6,197,25,"low"
"207","ASUS","Chromebook","Intel","Celeron Dual",10.3318112633181,1,4,"LPDDR4",0,512,"Windows","32-bit",0,"Casual",15.1220212765957,1,0,"No","No",290.161290322581,21990,18,3.6,1180,148,"low"
"208","HP","14a","Intel","Celeron Dual",10.3318112633181,1,4,"DDR4",0,512,"Windows","64-bit",0,"Casual",15.1220212765957,1,0,"No","No",426.935483870968,31532,16,3.6,232,23,"low"
"209","HP","Chromebook","Intel","Celeron Dual",10.3318112633181,1,4,"DDR4",0,512,"Windows","64-bit",0,"Casual",15.1220212765957,1,0,"No","No",451.451612903226,31532,11,3.8,596,65,"low"
"210","Lenovo","Celeron","Intel","Celeron Dual",10.3318112633181,1,4,"DDR4",0,1024,"Windows","32-bit",0,"Casual",15.6,0,0,"No","No",483.854838709677,37400,19,3.3,19,1,"low"
"211","Lenovo","IdeaPad","Intel","Celeron Dual",10.3318112633181,1,4,"LPDDR4X",0,512,"Windows","64-bit",0,"Casual",15.1220212765957,1,0,"No","No",419.193548387097,40490,35,3.7,84,16,"low"
"212","Lenovo","IdeaPad","Intel","Celeron Dual",10.3318112633181,1,4,"LPDDR4",0,512,"Windows","32-bit",0,"Casual",15.1220212765957,1,0,"No","No",274.032258064516,24840,31,3.4,414,54,"low"
"213","Lenovo","IdeaPad","Intel","Celeron Dual",10.3318112633181,1,4,"LPDDR4",0,512,"Windows","32-bit",0,"Casual",15.1220212765957,1,0,"No","No",403.064516129032,34890,28,2.8,70,16,"low"
"214","acer","Predator","Intel","Core",10.3318112633181,1,4,"DDR4",0,512,"Windows","32-bit",0,"Casual",15.1220212765957,1,0,"No","No",1612.74193548387,149999,33,4.5,1336,186,"high"
"215","acer","Aspire","Intel","Core i5",10.3318112633181,1,8,"DDR5",0,512,"Windows","32-bit",4,"Casual",15.1220212765957,1,0,"No","No",822.41935483871,89999,43,4.4,10966,1185,"mid"
"216","acer","Spin","Intel","Core i5",10.3318112633181,1,8,"LPDDR4",0,512,"Windows","32-bit",0,"Casual",15.1220212765957,1,1,"No","No",1935.32258064516,124900,3,4,1,1,"high"
"217","acer","Swift","Intel","Core i5",10,0,8,"LPDDR4",0,512,"DOS","32-bit",0,"Casual",15.1220212765957,1,0,"No","No",1519.1935483871,124999,24,4.3,31,6,"high"
"218","ASUS","ROG","Intel","Core i5",10,0,8,"LPDDR4",0,512,"DOS","32-bit",4,"Casual",15.1220212765957,1,0,"No","No",1712.37096774194,120990,12,4.5,1881,241,"high"
"219","DELL","_invalid_","Intel","Core i5",10,0,8,"LPDDR4",0,512,"DOS","32-bit",4,"Casual",15.1220212765957,1,1,"No","No",1098.22580645161,69500,2,1.6,23,4,"mid"
"221","HP","15s","Intel","Core i5",10,0,8,"LPDDR4",0,512,"DOS","32-bit",0,"ThinNlight",15.1220212765957,1,0,"No","No",903.064516129032,63179,11,4,818,109,"mid"
"223","Lenovo","Ideapad","Intel","Core i5",10,0,8,"LPDDR4",0,512,"DOS","32-bit",0,"Casual",15.1220212765957,1,0,"No","No",1177.25806451613,90000,18,4.2,204,19,"mid"
"224","Lenovo","Ideapad","Intel","Core i5",10,0,8,"LPDDR4",0,512,"DOS","32-bit",2,"Casual",15.1220212765957,1,0,"No","No",757.903225806452,62290,24,4.2,4428,569,"mid"
"225","MICROSOFT","Surface","Intel","Core i5",10,0,8,"LPDDR4X",128,0,"Windows","64-bit",0,"Casual",15.1220212765957,1,0,"Yes","No",1615.96774193548,104999,4,4.4,56,8,"high"
"226","Smartron","t.book","Intel","Core i5",7,0,8,"DDR3",128,0,"Windows","64-bit",0,"Casual",15.1220212765957,1,0,"Yes","No",854.677419354839,55999,5,3.5,30,9,"mid"
"227","MICROSOFT","Surface","Intel","Core i5",8,0,8,"DDR3",128,0,"Windows","64-bit",0,"Casual",15.1220212765957,1,0,"Yes","No",1483.85483870968,0,0,4.5,49,8,"high"
"228","Smartron","t.book","Intel","Core i5",7,0,4,"DDR3",128,0,"Windows","64-bit",0,"Casual",12.2,0,0,"Yes","No",854.677419354839,55999,5,3.9,28,4,"mid"
"229","HP","Pavilion","Intel","Core i5",8,0,8,"DDR4",128,0,"Windows","64-bit",0,"ThinNlight",13.3,0,1,"No","No",1226,0,0,4.3,129,16,"mid"
"230","Lenovo","Ideapad","Intel","Core i5",11,0,8,"DDR4",256,0,"Windows","64-bit",0,"Casual",15.6,0,2,"No","Yes",798.225806451613,75390,34,4.3,365,35,"mid"
"231","Lenovo","Yoga","Intel","Core i5",10,0,8,"LPDDR4",0,512,"DOS","32-bit",0,"Casual",15.1220212765957,1,0,"No","No",1661.12903225806,139890,26,4.6,79,14,"high"
"232","acer","Swift","Intel","Core i5",7,0,8,"DDR3",256,0,"Windows","64-bit",0,"ThinNlight",15.1220212765957,1,1,"No","Yes",1401.08064516129,99999,13,4.4,39,3,"high"
"233","LG","Gram","Intel","Core i5",10,0,8,"DDR4",256,0,"Windows","64-bit",0,"Casual",15.1220212765957,1,0,"No","No",1241.77419354839,104000,25,4.5,15,7,"mid"
"236","LG","Gram","Intel","Core i5",10,0,8,"DDR4",256,0,"Windows","64-bit",0,"Casual",15.1220212765957,1,0,"No","No",1015.96774193548,99000,36,4.6,68,20,"mid"
"237","DELL","Inspiron","Intel","Core i5",11,0,8,"DDR4",256,0,"Windows","64-bit",0,"ThinNlight",15.1220212765957,1,0,"No","No",903.064516129032,71578,21,3.3,3,0,"mid"
"238","acer","Swift","Intel","Core i5",8,0,8,"DDR3",256,0,"Windows","64-bit",0,"ThinNlight",15.1220212765957,1,1,"Yes","Yes",1322.54838709677,82799,0,4,14,3,"mid"
"241","acer","Swift","Intel","Core i5",8,0,8,"DDR4",256,0,"Windows","64-bit",0,"ThinNlight",13.3,0,1,"No","No",959.516129032258,65546,9,3.5,33,7,"mid"
"243","Lenovo","Ideapad","Intel","Core i5",11,0,8,"DDR4",256,0,"Windows","64-bit",0,"Casual",15.6,0,1,"No","Yes",999.983870967742,68999,10,2.8,4,0,"mid"
"244","HP","_invalid_","Intel","Core i5",11,0,8,"DDR4",512,0,"Windows","64-bit",0,"ThinNlight",15.6,0,0,"No","No",886.935483870968,70171,21,4.2,116,15,"mid"
"245","HP","_invalid_","Intel","Core i5",11,0,8,"DDR4",512,0,"Windows","64-bit",0,"ThinNlight",15.6,0,1,"No","No",870.806451612903,70171,23,4.1,206,17,"mid"
"246","Lenovo","Ideapad","Intel","Core i5",11,0,8,"DDR4",512,0,"Windows","64-bit",0,"Casual",14,0,2,"No","Yes",854.677419354839,74390,28,4.2,300,24,"mid"
"247","HP","Pavilion","Intel","Core i5",11,0,16,"DDR4",512,0,"Windows","64-bit",0,"ThinNlight",14,0,1,"No","Yes",1096.61290322581,78294,13,4.5,108,6,"mid"
"248","ASUS","TUF","Intel","Core i5",10,0,8,"DDR4",512,0,"Windows","64-bit",4,"Gaming",15.6,0,1,"No","No",935.322580645161,81990,29,4.5,3712,412,"mid"
"249","Lenovo","Ideapad","Intel","Core i5",11,0,16,"DDR4",512,0,"Windows","64-bit",0,"ThinNlight",15.6,0,1,"No","Yes",1004.83870967742,101390,38,4.4,825,95,"mid"
"250","realme","Book(Slim)","Intel","Core i5",11,0,8,"DDR4",512,0,"Windows","64-bit",0,"Casual",14,0,1,"No","Yes",854.677419354839,69999,24,4.4,3470,505,"mid"
"252","Lenovo","IdeaPad","Intel","Core i5",11,0,8,"DDR4",512,0,"Windows","64-bit",0,"ThinNlight",15.6,0,2,"No","Yes",838.548387096774,88990,41,4.2,85,4,"mid"
"253","Lenovo","IdeaPad","Intel","Core i5",11,0,16,"DDR4",512,0,"Windows","64-bit",0,"ThinNlight",14,0,0,"No","No",999.838709677419,97890,36,4.2,56,7,"mid"
"254","RedmiBook","Pro","Intel","Core i5",11,0,8,"DDR4",512,0,"Windows","32-bit",0,"ThinNlight",15.6,0,1,"No","No",790.161290322581,59990,18,4.2,1708,242,"mid"
"255","ASUS","VivoBook","Intel","Core i5",11,0,8,"LPDDR4X",512,0,"Windows","32-bit",0,"Casual",14,0,1,"Yes","Yes",1032.09677419355,82990,22,4.6,10,1,"mid"
"256","Lenovo","ThinkPad","Intel","Core i5",11,0,8,"DDR4",512,0,"Windows","64-bit",0,"Casual",15.6,0,1,"No","Yes",1064.35483870968,78109,15,4.6,17,4,"mid"
"257","Nokia","PureBook","Intel","Core i5",10,0,8,"DDR4",512,0,"Windows","64-bit",0,"ThinNlight",14,0,0,"No","No",774.032258064516,90000,46,4.4,1119,242,"mid"
"258","acer","Aspire","Intel","Core i5",11,0,8,"DDR4",512,0,"Windows","64-bit",0,"ThinNlight",15.6,0,1,"No","No",854.677419354839,75999,30,4.2,155,20,"mid"
"260","ASUS","ASUS","Intel","Core i5",11,0,8,"DDR4",512,0,"Windows","64-bit",4,"Gaming",17.3,0,0,"No","No",1161.12903225806,115990,37,4.4,91,17,"mid"
"261","ASUS","VivoBook","Intel","Core i5",10,0,8,"DDR4",512,0,"Windows","64-bit",0,"Casual",15.6,0,1,"No","No",774.032258064516,62990,23,4,35,2,"mid"
"262","Nokia","PureBook","Intel","Core i5",10,0,8,"DDR4",512,0,"Windows","64-bit",0,"ThinNlight",14,0,0,"No","No",741.774193548387,74990,38,4.7,6,1,"mid"
"263","Lenovo","IdeaPad","Intel","Core i5",10,0,8,"DDR4",512,0,"Windows","32-bit",0,"ThinNlight",15.6,0,2,"No","Yes",782.096774193548,64290,24,4.3,126,13,"mid"
"264","ASUS","ASUS","Intel","Core i5",11,0,8,"DDR4",512,0,"Windows","64-bit",4,"Gaming",17.3,0,0,"No","No",1177.25806451613,105990,31,4.5,74,10,"mid"
"265","MSI","Katana","Intel","Core i5",11,0,16,"DDR4",512,0,"Windows","64-bit",4,"Casual",15.6,0,2,"No","No",1241.77419354839,106990,28,4.6,75,17,"mid"
"266","ASUS","TUF","Intel","Core i5",11,0,16,"DDR4",512,0,"Windows","64-bit",6,"Gaming",15.6,0,1,"No","Yes",1451.45161290323,129990,30,4.6,124,17,"high"
"267","MSI","GF63","Intel","Core i5",10,0,8,"DDR4",512,0,"Windows","64-bit",4,"Casual",15.6,0,2,"No","No",967.58064516129,83990,28,4.5,1597,228,"mid"
"268","ASUS","TUF","Intel","Core i5",10,0,8,"DDR4",512,0,"Windows","64-bit",4,"Gaming",15.6,0,1,"No","Yes",1064.35483870968,89990,26,4.4,3850,378,"mid"
"269","DELL","Inspiron","Intel","Core i5",11,0,8,"DDR4",512,0,"Windows","64-bit",0,"Casual",14,0,0,"Yes","No",1161.12903225806,94201,23,4.7,7,1,"mid"
"270","DELL","Inspiron","Intel","Core i5",11,0,8,"DDR4",512,0,"Windows","64-bit",0,"Casual",14,0,0,"Yes","No",1159.51612903226,92549,22,4.3,3,0,"mid"
"273","HP","_invalid_","Intel","Core i5",11,0,8,"DDR4",512,0,"Windows","64-bit",0,"ThinNlight",15.6,0,0,"No","No",903.209677419355,66050,15,4.8,5,1,"mid"
"274","ASUS","VivoBook","Intel","Core i5",11,0,16,"DDR4",512,0,"Windows","64-bit",4,"Casual",14,0,1,"No","No",1185.32258064516,110990,33,4.5,213,45,"mid"
"275","HP","Pavilion","Intel","Core i5",11,0,16,"DDR4",512,0,"Windows","64-bit",0,"ThinNlight",14,0,1,"No","Yes",1201.45161290323,85359,12,4.3,10,0,"mid"
"276","HP","Pavilion","Intel","Core i5",11,0,8,"DDR4",512,0,"Windows","64-bit",0,"ThinNlight",14,0,1,"No","Yes",940.967741935484,74839,22,4,69,6,"mid"
"277","acer","Aspire","Intel","Core i5",11,0,8,"DDR4",512,0,"Windows","64-bit",0,"ThinNlight",14,0,1,"No","No",903.209677419355,75999,26,4.5,6,0,"mid"
"278","DELL","Inspiron","Intel","Core i5",11,0,16,"DDR4",512,0,"Windows","64-bit",0,"ThinNlight",14,0,0,"No","No",1096.61290322581,89849,24,4.4,93,9,"mid"
"279","ASUS","VivoBook","Intel","Core i5",11,0,16,"DDR4",512,0,"Windows","64-bit",0,"Casual",14,0,1,"No","No",967.58064516129,80990,25,4.5,11,2,"mid"
"280","ASUS","TUF","Intel","Core i5",11,0,16,"DDR4",512,0,"Windows","64-bit",6,"Casual",15.6,0,1,"No","Yes",1338.54838709677,104990,20,4.4,262,31,"high"
"282","DELL","_invalid_","Intel","Core i5",11,0,16,"DDR4",512,0,"Windows","64-bit",0,"ThinNlight",14,0,0,"No","No",1130.48387096774,89395,21,4,5,1,"mid"
"283","realme","Book(Slim)","Intel","Core i5",11,0,8,"DDR4",512,0,"Windows","64-bit",0,"Casual",14,0,1,"No","Yes",983.854838709677,69999,12,4.4,3470,505,"mid"
"284","ASUS","_invalid_","Intel","Core i5",10,0,8,"DDR4",512,0,"Windows","64-bit",2,"ThinNlight",15.6,0,1,"No","No",806.290322580645,64990,23,4.1,45,3,"mid"
"285","MSI","_invalid_","Intel","Core i5",11,0,8,"DDR4",512,0,"Windows","64-bit",0,"ThinNlight",14,0,0,"No","No",895,66990,17,3.9,8,1,"mid"
"286","HP","Spectre","Intel","Core i5",11,0,8,"LPDDR4X",512,0,"Windows","64-bit",0,"Casual",13.3,0,0,"Yes","No",1580.48387096774,114749,14,5,3,1,"high"
"287","ASUS","VivoBook","Intel","Core i5",9,0,8,"DDR4",512,0,"Windows","64-bit",4,"Gaming",15.6,0,1,"No","Yes",886.935483870968,76990,28,4.4,1681,227,"mid"
"288","Lenovo","Thinkbook","Intel","Core i5",11,0,8,"DDR4",512,0,"Windows","64-bit",0,"ThinNlight",15,0,1,"No","Yes",967.58064516129,115167,47,4.3,37,2,"mid"
"289","Lenovo","IdeaPad","Intel","Core i5",11,0,8,"DDR4",512,0,"Windows","64-bit",0,"ThinNlight",15.6,0,1,"No","Yes",870.806451612903,79890,32,4.2,61,2,"mid"
"290","HP","Pavilion","Intel","Core i5",11,0,16,"DDR4",512,0,"Windows","64-bit",0,"ThinNlight",14,0,1,"No","Yes",1080.62903225806,79445,15,4.4,17,1,"mid"
"291","acer","Intel","Intel","Core i5",11,0,8,"LPDDR4X",512,0,"Windows","64-bit",0,"ThinNlight",14,0,1,"No","Yes",983.709677419355,89999,32,4.4,17,1,"mid"
"292","ASUS","_invalid_","Intel","Core i5",10,0,8,"DDR4",512,0,"Windows","64-bit",0,"ThinNlight",15.6,0,1,"No","Yes",774.032258064516,62990,23,4.3,1625,152,"mid"
"293","HP","_invalid_","Intel","Core i5",11,0,8,"DDR4",512,0,"Windows","32-bit",0,"ThinNlight",14,0,1,"No","Yes",967.725806451613,81684,26,4,4,1,"mid"
"296","HP","Pavilion","Intel","Core i5",11,0,8,"DDR4",512,0,"Windows","64-bit",0,"ThinNlight",15.6,0,1,"No","Yes",1032.09677419355,77327,17,4.7,17,1,"mid"
"300","HP","Pavilion","Intel","Core i5",11,0,8,"DDR4",512,0,"Windows","64-bit",0,"ThinNlight",15.6,0,1,"No","Yes",1032.09677419355,75023,14,4.7,3,0,"mid"
"304","Lenovo","Thinkbook","Intel","Core i5",11,0,8,"DDR4",512,0,"Windows","64-bit",0,"Casual",14,0,3,"Yes","Yes",1048.22580645161,151557,57,4,48,12,"mid"
"305","Lenovo","Legion","Intel","Core i5",10,0,8,"DDR4",512,0,"Windows","64-bit",4,"Casual",15.6,0,1,"No","Yes",1072.41935483871,93690,29,4.4,282,36,"mid"
"307","Lenovo","Ideapad","Intel","Core i5",11,0,16,"DDR4",512,0,"Windows","64-bit",2,"Casual",15.6,0,1,"No","Yes",1145,104890,32,4.2,67,4,"mid"
"308","Infinix","INBook","Intel","Core i5",10,0,8,"LPDDR4X",512,0,"Windows","64-bit",0,"ThinNlight",14,0,0,"No","No",685.322580645161,59999,29,4.1,383,65,"low"
"311","DELL","Inspiron","Intel","Core i5",11,0,8,"DDR4",512,0,"Windows","64-bit",2,"Casual",14,0,1,"Yes","Yes",1290.16129032258,97946,18,4.6,23,2,"mid"
"312","MSI","Modern","Intel","Core i5",10,0,8,"DDR4",512,0,"Windows","64-bit",0,"Casual",14,0,0,"No","No",911.951612903226,61990,8,4.4,677,87,"mid"
"313","ASUS","_invalid_","Intel","Core i5",11,0,16,"DDR4",512,0,"Windows","64-bit",0,"ThinNlight",17.3,0,0,"No","No",967.58064516129,82990,27,3.3,3,0,"mid"
"314","Lenovo","ThinkBook","Intel","Core i5",11,0,16,"DDR4",512,0,"Windows","64-bit",0,"Casual",13,0,1,"No","Yes",1048.22580645161,120708,46,4.4,46,4,"mid"
"315","DELL","_invalid_","Intel","Core i5",11,0,8,"DDR4",512,0,"Windows","64-bit",0,"ThinNlight",14,0,1,"No","No",988.548387096774,73774,16,3,4,1,"mid"
"316","Lenovo","_invalid_","Intel","Core i5",11,0,8,"DDR4",512,0,"Windows","64-bit",0,"ThinNlight",14,0,1,"No","Yes",886.935483870968,66470,17,4.2,9,1,"mid"
"317","Lenovo","ThinkBook","Intel","Core i5",11,0,8,"DDR4",512,0,"Windows","64-bit",0,"Casual",15.1220212765957,1,1,"No","Yes",967.58064516129,112608,46,4.4,26,4,"mid"
"318","ASUS","ASUS","Intel","Core i5",11,0,8,"DDR4",512,0,"Windows","32-bit",6,"Casual",16,0,1,"No","No",1370.8064516129,129990,34,5,5,0,"high"
"319","HP","Pavilion","Intel","Core i5",11,0,8,"DDR4",512,0,"Windows","64-bit",0,"ThinNlight",16,0,1,"No","Yes",1169.35483870968,80900,10,4.4,40,3,"mid"
"320","Lenovo","IdeaPad","Intel","Core i5",11,0,8,"DDR4",512,0,"Windows","64-bit",4,"Gaming",15.1220212765957,1,0,"No","No",967.58064516129,93690,35,3.9,44,6,"mid"
"321","Lenovo","Yoga","Intel","Core i5",11,0,8,"DDR4",512,0,"Windows","64-bit",0,"Casual",16,0,1,"Yes","Yes",1419.1935483871,125890,30,4.7,28,6,"high"
"322","HP","14s","Intel","Core i5",11,0,8,"DDR4",512,0,"Windows","64-bit",0,"ThinNlight",15.1220212765957,1,0,"No","No",935.322580645161,63179,8,4.3,1541,123,"mid"
"323","DELL","Inspiron","Intel","Core i5",11,0,8,"DDR4",512,0,"Windows","64-bit",0,"ThinNlight",16,0,1,"No","Yes",1120.8064516129,69736,0,4.2,72,7,"mid"
"324","Lenovo","Thinkbook","Intel","Core i5",11,0,8,"DDR4",512,0,"Windows","64-bit",0,"Casual",16,0,3,"Yes","Yes",1112.74193548387,159180,56,4.6,44,8,"mid"
"325","Lenovo","_invalid_","Intel","Core i5",11,0,8,"DDR4",512,0,"Windows","32-bit",0,"Casual",16,0,1,"No","Yes",1257.90322580645,80366,2,4.3,17,2,"mid"
"326","ASUS","ZenBook","Intel","Core i5",11,0,8,"LPDDR4X",512,0,"Windows","64-bit",0,"Casual",16,0,1,"Yes","No",1709.51612903226,140990,24,4.4,59,11,"high"
"328","DELL","Vostro","Intel","Core i5",11,0,8,"DDR4",512,0,"Windows","64-bit",0,"ThinNlight",15.1220212765957,1,1,"No","Yes",895,80711,31,4.1,337,27,"mid"
"329","Lenovo","IdeaPad","Intel","Core i5",11,0,8,"DDR4",512,0,"Windows","64-bit",0,"ThinNlight",16,0,1,"No","Yes",1128.87096774194,104890,33,4.6,10,2,"mid"
"330","ASUS","Zenbook","Intel","Core i5",11,0,8,"DDR4",512,0,"Windows","64-bit",0,"Casual",15.1220212765957,1,1,"Yes","Yes",1370.8064516129,116990,27,4.2,10,2,"high"
"331","DELL","Inspiron","Intel","Core i5",11,0,8,"DDR4",512,0,"Windows","64-bit",0,"ThinNlight",15.1220212765957,1,0,"No","No",967.58064516129,76143,21,3.8,31,7,"mid"
"333","DELL","Inspiron","Intel","Core i5",11,0,8,"DDR4",512,0,"Windows","64-bit",2,"Casual",15.1220212765957,1,1,"No","No",1064.35483870968,88037,25,4.3,10,0,"mid"
"334","ASUS","Zenbook","Intel","Core i5",11,0,8,"LPDDR4X",512,0,"Windows","32-bit",0,"Casual",15.1220212765957,1,1,"No","Yes",1177.25806451613,90990,19,4.7,76,14,"mid"
"335","DELL","Inspiron","Intel","Core i5",11,0,8,"DDR4",512,0,"Windows","64-bit",0,"ThinNlight",16,0,1,"No","Yes",1146.61290322581,89849,20,4.1,44,6,"mid"
"337","ASUS","ZenBook","Intel","Core i5",10,0,8,"LPDDR3",512,0,"Windows","64-bit",0,"Casual",15.1220212765957,1,1,"No","Yes",1290.16129032258,98990,19,4.4,11,3,"mid"
"338","MSI","Modern","Intel","Core i5",11,0,8,"DDR4",512,0,"Windows","64-bit",0,"Casual",15.1220212765957,1,1,"No","No",895,67990,18,4.3,138,16,"mid"
"339","DELL","Vostro","Intel","Core i5",11,0,8,"DDR4",512,0,"Windows","64-bit",2,"ThinNlight",15.1220212765957,1,1,"No","Yes",1072.41935483871,87168,23,4.1,199,17,"mid"
"340","ASUS","VivoBook","Intel","Core i5",11,0,8,"DDR4",512,0,"Windows","64-bit",0,"Casual",15.1220212765957,1,1,"No","Yes",861.290322580645,69500,23,4.1,46,6,"mid"
"341","DELL","Inspiron","Intel","Core i5",11,0,8,"DDR4",512,0,"Windows","64-bit",0,"Casual",15.1220212765957,1,1,"Yes","Yes",1201.61290322581,78990,5,4.4,45,5,"mid"
"343","DELL","Vostro","Intel","Core i5",11,0,8,"DDR4",512,0,"Windows","64-bit",2,"ThinNlight",15.1220212765957,1,0,"No","No",999.838709677419,68859,9,4.1,35,4,"mid"
"347","MSI","Modern","Intel","Core i5",10,0,8,"DDR4",512,0,"Windows","64-bit",0,"Casual",15.1220212765957,1,1,"No","No",911.129032258065,57240,1,4.5,814,112,"mid"
"349","Lenovo","Ideapad","Intel","Core i5",11,0,8,"DDR4",512,0,"Windows","64-bit",0,"ThinNlight",15.1220212765957,1,1,"No","Yes",903.064516129032,65438,14,4.2,75,9,"mid"
"351","HP","Envy","Intel","Core i5",10,0,8,"DDR4",512,0,"Windows","64-bit",4,"Casual",16,0,1,"No","Yes",1717.58064516129,138366,23,4.7,3,0,"high"
"352","Lenovo","IdeaPad","Intel","Core i5",11,0,8,"DDR4",512,0,"Windows","32-bit",2,"Casual",16,0,1,"No","Yes",1145,113290,37,4.6,11,3,"mid"
"353","Lenovo","ThinkPad","Intel","Core i5",11,0,8,"DDR4",512,0,"Windows","64-bit",0,"Casual",15.1220212765957,1,1,"No","Yes",1048.22580645161,77487,16,4.4,125,11,"mid"
"355","ASUS","TUF","Intel","Core i5",10,0,8,"DDR4",512,0,"Windows","64-bit",4,"Gaming",15.1220212765957,1,1,"No","No",1048.22580645161,81990,20,4.5,4,0,"mid"
"356","MSI","Modern","Intel","Core i5",10,0,8,"DDR4",512,0,"Windows","64-bit",0,"Casual",15.1220212765957,1,1,"No","No",886.935483870968,61990,11,4.4,714,147,"mid"
"357","Vaio","SE","Intel","Core i5",8,0,8,"DDR4",512,0,"Windows","64-bit",0,"ThinNlight",15.1220212765957,1,2,"No","Yes",1014.35483870968,84690,25,4,85,14,"mid"
"359","Lenovo","Yoga","Intel","Core i5",10,0,8,"LPDDR4X",512,0,"Windows","64-bit",2,"Casual",15.1220212765957,1,1,"No","Yes",1141.90322580645,101090,29,4,21,3,"mid"
"360","Lenovo","Legion","Intel","Core i5",9,0,8,"DDR4",512,0,"Windows","64-bit",4,"Casual",15.1220212765957,1,0,"No","No",967.58064516129,84990,29,3.8,9,1,"mid"
"362","HP","14s","Intel","Core i5",10,0,8,"DDR4",512,0,"Windows","64-bit",0,"ThinNlight",15.1220212765957,1,1,"No","Yes",903.064516129032,77996,28,4.2,30,4,"mid"
"363","ASUS","ZenBook","Intel","Core i5",8,0,8,"LPDDR3",512,0,"Windows","64-bit",0,"ThinNlight",15.1220212765957,1,1,"No","No",1177.25806451613,90990,19,4.2,44,4,"mid"
"364","acer","Swift","Intel","Core i5",8,0,8,"DDR3",512,0,"Windows","64-bit",0,"ThinNlight",15.1220212765957,1,1,"No","No",1048.22580645161,87999,26,3.8,4,1,"mid"
"366","HP","HP","Intel","Core i5",11,0,8,"DDR4",512,0,"Windows","64-bit",2,"Casual",16,0,1,"Yes","Yes",1241.77419354839,99203,22,4.4,14,2,"mid"
"367","Lenovo","Ideapad","Intel","Core i5",11,0,8,"DDR4",512,0,"Windows","64-bit",0,"Casual",15.1220212765957,1,2,"No","Yes",1016.09677419355,79890,21,4.3,739,71,"mid"
"368","DELL","Inspiron","Intel","Core i5",11,0,8,"DDR4",512,0,"Windows","64-bit",0,"Casual",16,0,1,"Yes","Yes",1257.90322580645,98200,20,4.5,31,5,"mid"
"369","HP","Spectre","Intel","Core i5",10,0,8,"DDR4",512,0,"Windows","64-bit",0,"Casual",15.1220212765957,1,1,"Yes","Yes",1854.67741935484,122803,6,4.4,145,19,"high"
"371","DELL","Inspiron","Intel","Core i5",11,0,8,"DDR4",512,0,"Windows","64-bit",2,"Casual",16,0,1,"No","Yes",1435.32258064516,90605,1,3.8,19,2,"high"
"373","Mi","Notebook","Intel","Core i5",10,0,8,"DDR4",512,0,"Windows","64-bit",2,"Casual",15.1220212765957,1,1,"No","No",886.935483870968,59999,8,4.3,545,74,"mid"
"374","ASUS","VivoBook","Intel","Core i5",11,0,8,"LPDDR4X",512,0,"Windows","64-bit",0,"Casual",15.1220212765957,1,1,"Yes","Yes",1193.38709677419,84990,12,4.2,32,6,"mid"
"376","HP","_invalid_","Intel","Core i5",11,0,8,"DDR4",512,0,"Windows","64-bit",0,"ThinNlight",15.1220212765957,1,1,"No","Yes",983.870967741935,68000,10,4.3,1124,100,"mid"
"377","ASUS","ZenBook","Intel","Core i5",11,0,8,"LPDDR4X",512,0,"Windows","64-bit",0,"Casual",15.1220212765957,1,1,"Yes","No",1612.74193548387,122990,18,4.9,35,6,"high"
"378","Lenovo","ThinkPad","Intel","Core i5",11,0,8,"DDR4",512,0,"Windows","64-bit",0,"ThinNlight",15.1220212765957,1,1,"No","Yes",1096.61290322581,76915,11,4.8,9,0,"mid"
"379","DELL","Inspiron","Intel","Core i5",11,0,8,"DDR4",512,0,"Windows","64-bit",0,"Casual",15.1220212765957,1,1,"Yes","Yes",1141.91935483871,89564,20,4.7,98,6,"mid"
"380","Lenovo","ThinkPad","Intel","Core i5",11,0,8,"DDR4",512,0,"Windows","64-bit",0,"ThinNlight",15.1220212765957,1,1,"No","Yes",1064.35483870968,75879,13,4.1,31,2,"mid"
"381","ASUS","VivoBook","Intel","Core i5",8,0,8,"DDR4",512,0,"Windows","64-bit",0,"ThinNlight",15.1220212765957,1,1,"No","No",865.967741935484,58990,8,4.4,19,3,"mid"
"383","ASUS","VivoBook","Intel","Core i5",11,0,8,"DDR4",512,0,"Windows","64-bit",0,"Casual",15.1220212765957,1,1,"No","Yes",857.903225806452,69990,24,4.5,11,0,"mid"
"384","Lenovo","IdeaPad","Intel","Core i5",10,0,8,"DDR4",512,0,"Windows","32-bit",2,"Casual",15.1220212765957,1,2,"No","Yes",951.596774193548,65999,10,4.4,45,3,"mid"
"391","Lenovo","IdeaPad","Intel","Core i5",10,0,8,"DDR4",512,0,"Windows","64-bit",4,"Gaming",15.1220212765957,1,0,"No","No",1127.40322580645,73899,5,4.3,474,37,"mid"
"393","DELL","GAMING","Intel","Core i5",10,0,8,"DDR4",512,0,"Windows","64-bit",4,"Casual",15.1220212765957,1,1,"No","No",1230.64516129032,79999,4,4.2,6,0,"mid"
"395","DELL","Inspiron","Intel","Core i5",11,0,8,"DDR4",512,0,"Windows","64-bit",0,"ThinNlight",15.1220212765957,1,0,"No","No",1175.8064516129,74900,2,3.9,24,4,"mid"
"396","DELL","Inspiron","Intel","Core i5",11,0,8,"DDR4",512,0,"Windows","64-bit",0,"Casual",15.1220212765957,1,1,"Yes","Yes",1193.38709677419,92600,20,4.5,195,17,"mid"
"399","HP","Spectre","Intel","Core i5",10,0,8,"DDR4",512,0,"Windows","64-bit",0,"Casual",15.1220212765957,1,1,"Yes","No",2032.25806451613,152042,17,5,2,1,"high"
"403","DELL","Inspiron","Intel","Core i5",11,0,8,"DDR4",512,0,"Windows","64-bit",2,"Casual",16,0,1,"Yes","Yes",1338.54838709677,94600,12,4.5,21,2,"high"
"406","DELL","Inspiron","Intel","Core i5",11,0,8,"DDR4",512,0,"Windows","64-bit",2,"Casual",15.1220212765957,1,1,"Yes","Yes",1290.16129032258,88600,9,4.8,5,0,"mid"
"411","DELL","Inspiron","Intel","Core i5",10,0,8,"DDR4",512,0,"Windows","64-bit",0,"ThinNlight",15.1220212765957,1,1,"No","Yes",1282.25806451613,99433,20,4.3,10,1,"mid"
"412","DELL","Inspiron","Intel","Core i5",10,0,8,"DDR4",512,0,"Windows","64-bit",2,"Casual",15.1220212765957,1,1,"No","Yes",1338.54838709677,107786,23,3.7,15,3,"high"
"413","DELL","Inspiron","Intel","Core i5",11,0,8,"DDR4",512,0,"Windows","64-bit",2,"Casual",15.1220212765957,1,1,"No","Yes",1144.83870967742,76094,6,4.4,138,23,"mid"
"416","DELL","_invalid_","Intel","Core i5",11,0,8,"DDR4",512,0,"Windows","64-bit",2,"Casual",16,0,0,"Yes","No",1338.54838709677,94890,12,4.4,16,3,"high"
"417","MSI","Prestige","Intel","Core i5",11,0,8,"LPDDR4X",512,0,"Windows","64-bit",0,"Casual",16,0,1,"No","No",1290.16129032258,93489,14,4.9,11,4,"mid"
"420","ASUS","ZenBook","Intel","Core i5",10,0,8,"LPDDR3",512,0,"Windows","64-bit",2,"Casual",15.1220212765957,1,1,"No","Yes",1709.51612903226,0,0,5,4,0,"high"
"422","Lenovo","Ideapad","Intel","Core i5",8,0,8,"DDR4",512,0,"Windows","64-bit",2,"Casual",15.1220212765957,1,1,"No","Yes",967.725806451613,80000,25,4.4,22,3,"mid"
"423","Lenovo","Yoga","Intel","Core i5",11,0,8,"DDR4",512,0,"Windows","64-bit",0,"Casual",16,0,1,"No","Yes",1483.85483870968,92000,0,4.6,16,2,"high"
"424","DELL","Inspiron","Intel","Core i5",11,0,8,"DDR4",512,0,"Windows","64-bit",0,"Casual",16,0,1,"Yes","Yes",1272.58064516129,84900,7,3.6,16,1,"mid"
"426","Nokia","PureBook","Intel","Core i5",11,0,16,"DDR4",512,0,"Windows","64-bit",0,"ThinNlight",14,0,0,"No","No",903.064516129032,82990,32,4.1,117,31,"mid"
"427","Lenovo","IdeaPad","Intel","Core i5",11,0,8,"DDR4",512,0,"Windows","64-bit",4,"Gaming",15.6,0,0,"No","No",983.709677419355,93690,34,3.9,14,6,"mid"
"429","DELL","Inspiron","Intel","Core i5",11,0,16,"DDR4",512,0,"Windows","64-bit",0,"ThinNlight",15.6,0,0,"No","No",1132.09677419355,90783,22,3.5,6,3,"mid"
"433","Nokia","PureBook","Intel","Core i5",11,0,8,"DDR4",512,0,"Windows","64-bit",0,"ThinNlight",14,0,0,"No","No",851.451612903226,82990,36,4,5,0,"mid"
"435","Avita","Liber","Intel","Core i5",8,0,8,"DDR4",512,0,"Windows","64-bit",0,"ThinNlight",14,0,0,"No","No",725.645161290323,76990,41,3.4,17,3,"mid"
"436","ASUS","Intel","Intel","Core i5",11,0,8,"DDR4",512,0,"Windows","64-bit",0,"Casual",13.3,0,1,"Yes","Yes",1370.8064516129,115990,26,3.9,17,2,"high"
"437","Lenovo","Ideapad","Intel","Core i5",10,0,8,"DDR4",512,0,"Windows","64-bit",2,"Casual",14,0,1,"Yes","Yes",1403.20967741935,109000,20,4.7,3,0,"high"
"438","HP","Pavilion","Intel","Core i5",11,0,16,"DDR4",512,0,"Windows","64-bit",2,"Casual",15.6,0,1,"No","No",1258.06451612903,89000,12,4.4,512,85,"mid"
"439","Avita","Liber","Intel","Core i5",8,0,8,"DDR4",512,0,"Windows","64-bit",0,"ThinNlight",14,0,0,"No","No",1178.43548387097,76990,5,3.4,17,3,"mid"
"440","Avita","Liber","Intel","Core i5",8,0,8,"DDR4",512,0,"Windows","64-bit",0,"ThinNlight",14,0,0,"No","No",1178.43548387097,76990,5,3.4,17,3,"mid"
"442","Lenovo","Ideapad","Intel","Core i5",8,0,8,"DDR4",512,0,"Windows","64-bit",0,"ThinNlight",13.3,0,1,"No","Yes",1209.51612903226,83458,10,3.3,3,1,"mid"
"443","ASUS","ROG","Intel","Core i5",10,0,8,"DDR4",512,0,"Windows","64-bit",4,"Casual",15.6,0,0,"No","No",1225.64516129032,101990,25,4.6,1365,137,"mid"
"444","Lenovo","_invalid_","Intel","Core i5",11,0,8,"DDR4",512,0,"Windows","32-bit",2,"Casual",15.6,0,1,"No","Yes",1356.22580645161,0,0,3.5,8,3,"high"
"445","ASUS","ASUS","Intel","Core i5",11,0,8,"DDR4",1024,0,"Windows","64-bit",4,"Gaming",15.6,0,0,"No","No",1225.64516129032,116990,35,4.5,368,48,"mid"
"446","ASUS","TUF","Intel","Core i5",11,0,8,"DDR4",1024,0,"Windows","64-bit",4,"Gaming",17.3,0,1,"No","Yes",1257.90322580645,115990,32,4.4,202,26,"mid"
"447","ASUS","ROG","Intel","Core i5",10,0,8,"DDR4",1024,0,"Windows","64-bit",4,"Casual",15.6,0,1,"No","No",1257.90322580645,149990,48,4.5,187,26,"mid"
"450","ASUS","ROG","Intel","Core i5",10,0,8,"DDR4",1024,0,"Windows","64-bit",4,"Casual",15.1220212765957,1,0,"No","No",1338.54838709677,107990,23,4.5,844,118,"high"
"452","ASUS","F17","Intel","Core i5",11,0,8,"DDR4",1024,0,"Windows","64-bit",4,"Casual",15.1220212765957,1,0,"No","No",1362.90322580645,105000,19,4.3,3,0,"high"
"453","DELL","Inspiron","Intel","Core i5",11,0,8,"LPDDR4X",1024,0,"Windows","64-bit",0,"ThinNlight",13.3,0,0,"No","No",1196.61290322581,83417,11,4.5,21,3,"mid"
"454","Lenovo","ThinkBook","Intel","Core i5",11,0,8,"DDR4",1024,0,"Windows","64-bit",0,"ThinNlight",13.3,0,1,"No","Yes",1048.22580645161,121608,46,3,4,0,"mid"
"458","acer","Aspire","Intel","Core i5",11,0,8,"DDR4",0,1024,"Windows","64-bit",0,"ThinNlight",14,0,1,"No","No",757.903225806452,56999,17,3.8,253,28,"mid"
"459","DELL","Vostro","Intel","Core i5",11,0,8,"DDR4",0,1024,"Windows","64-bit",0,"ThinNlight",14,0,1,"No","Yes",790.161290322581,70286,30,3.6,470,46,"mid"
"460","acer","Aspire","Intel","Core i5",8,0,8,"DDR4",0,1024,"Windows","64-bit",2,"Casual",15.1220212765957,1,1,"No","Yes",967.725806451613,62511,4,4.1,118,28,"mid"
"461","ASUS","VivoBook","Intel","Core i5",10,0,8,"DDR4",0,1024,"Windows","64-bit",0,"ThinNlight",15.1220212765957,1,1,"No","No",757.903225806452,55990,16,4,1444,179,"mid"
"462","MSI","GF63","Intel","Core i5",10,0,8,"DDR4",0,1024,"Windows","64-bit",4,"Casual",15.1220212765957,1,2,"No","No",854.677419354839,72990,27,4.1,1114,137,"mid"
"464","Lenovo","B50-70","Intel","Core i5",4,0,8,"DDR3",0,1024,"Windows","64-bit",0,"Casual",15.1220212765957,1,0,"No","No",846.612903225806,0,0,3.8,78,17,"mid"
"465","Lenovo","Ideapad","Intel","Core i5",8,0,8,"DDR4",0,1024,"Windows","64-bit",4,"Casual",15.1220212765957,1,1,"No","No",919.193548387097,62594,8,4,21,5,"mid"
"466","acer","Aspire","Intel","Core i5",8,0,8,"DDR4",0,1024,"Windows","64-bit",2,"ThinNlight",15.1220212765957,1,1,"No","No",999.838709677419,62549,0,4.1,73,21,"mid"
"477","HP","Pavilion","Intel","Core i5",8,0,8,"DDR4",0,1024,"Windows","64-bit",2,"Casual",15.6,0,1,"No","Yes",1048.22580645161,68270,4,4.3,23,4,"mid"
"478","HP","15q","Intel","Core i5",8,0,8,"DDR4",0,1024,"Windows","64-bit",0,"Casual",15.6,0,1,"No","No",754.677419354839,50190,6,4.2,3062,325,"mid"
"479","HP","_invalid_","Intel","Core i5",7,0,4,"DDR4",0,1024,"Windows","64-bit",0,"Casual",15.6,0,1,"No","No",719.338709677419,0,0,4.1,122,12,"low"
"480","acer","Swift","Intel","Core i5",8,0,8,"DDR4",0,1024,"Windows","64-bit",2,"Casual",15.6,0,1,"No","No",1176.83870967742,73199,0,4.2,18,6,"mid"
"481","HP","250","Intel","Core i5",10,0,8,"DDR4",0,1024,"Windows","32-bit",0,"Casual",15.6,0,1,"No","Yes",786.935483870968,54786,10,3.4,11,1,"mid"
"482","acer","Aspire","Intel","Core i5",10,0,8,"DDR4",0,1024,"Windows","64-bit",2,"Casual",15.6,0,1,"No","No",911.145161290323,0,0,3.2,30,6,"mid"
"483","ASUS","VivoBook","Intel","Core i5",11,0,8,"DDR4",256,1024,"Windows","32-bit",0,"Casual",15.6,0,1,"No","Yes",822.41935483871,70990,28,4.3,1188,127,"mid"
"484","ASUS","VivoBook","Intel","Core i5",10,0,8,"DDR4",256,1024,"Windows","64-bit",4,"Gaming",15.6,0,0,"No","No",903.064516129032,81990,31,4.5,23,0,"mid"
"485","acer","Aspire","Intel","Core i5",11,0,8,"DDR4",256,1024,"Windows","64-bit",0,"Casual",15.6,0,1,"No","No",935.322580645161,69999,17,4.6,32,1,"mid"
"487","DELL","Inspiron","Intel","Core i5",11,0,8,"DDR4",256,1024,"Windows","64-bit",0,"Casual",15.6,0,1,"No","No",935.322580645161,74833,22,4.2,47,0,"mid"
"488","acer","Aspire","Intel","Core i5",11,0,8,"DDR4",256,1024,"Windows","64-bit",0,"ThinNlight",15.6,0,1,"No","No",919.193548387097,64999,12,4,27,2,"mid"
"489","acer","Travelmate","Intel","Core i5",11,0,8,"DDR4",256,1024,"Windows","64-bit",0,"Casual",14,0,0,"No","No",895,60000,7,3.8,8,3,"mid"
"490","DELL","Inspiron","Intel","Core i5",11,0,8,"DDR4",256,1024,"Windows","64-bit",2,"Casual",15.6,0,1,"No","No",1007.90322580645,86199,27,3.9,157,20,"mid"
"491","ASUS","VivoBook","Intel","Core i5",11,0,16,"DDR4",256,1024,"Windows","64-bit",0,"Casual",15.6,0,1,"No","No",1048.22580645161,85990,24,4.7,10,1,"mid"
"492","Lenovo","Ideapad","Intel","Core i5",11,0,8,"DDR4",256,1024,"Windows","64-bit",2,"Casual",15.6,0,1,"No","Yes",967.58064516129,93690,35,4.3,52,4,"mid"
"493","ASUS","VivoBook","Intel","Core i5",11,0,8,"DDR4",256,1024,"Windows","64-bit",2,"Casual",15.6,0,1,"No","Yes",970.806451612903,78990,23,4.4,33,4,"mid"
"494","ASUS","VivoBook","Intel","Core i5",9,0,8,"DDR4",256,1024,"Windows","64-bit",4,"Gaming",15.6,0,0,"No","No",878.870967741935,77990,30,4.3,343,47,"mid"
"495","Lenovo","Legion","Intel","Core i5",9,0,8,"DDR4",256,1024,"Windows","64-bit",4,"Casual",15.6,0,1,"No","Yes",983.709677419355,86690,29,4.3,131,17,"mid"
"496","DELL","Inspiron","Intel","Core i5",11,0,4,"DDR4",256,1024,"Windows","64-bit",0,"ThinNlight",14.9,0,1,"No","Yes",899.838709677419,60078,7,4.2,41,4,"mid"
"497","ASUS","VivoBook","Intel","Core i5",11,0,16,"DDR4",256,1024,"Windows","64-bit",0,"Casual",15.6,0,1,"No","Yes",1048.22580645161,85990,24,4.3,328,51,"mid"
"498","ASUS","_invalid_","Intel","Core i5",11,0,16,"DDR4",256,1024,"Windows","64-bit",0,"ThinNlight",17.3,0,0,"No","No",951.451612903226,85990,31,4.8,6,1,"mid"
"499","DELL","Vostro","Intel","Core i5",11,0,8,"DDR4",256,1024,"Windows","64-bit",0,"ThinNlight",14,0,1,"No","Yes",886.935483870968,80284,31,3.8,353,28,"mid"
"500","HP","Pavilion","Intel","Core i5",11,0,8,"DDR4",256,1024,"Windows","64-bit",4,"Gaming",15.6,0,1,"No","Yes",1161.12903225806,87717,17,4.3,127,20,"mid"
"502","Lenovo","Ideapad","Intel","Core i5",11,0,8,"DDR4",256,1024,"Windows","64-bit",2,"Casual",15.6,0,1,"No","Yes",1064.35483870968,99290,33,4.2,241,19,"mid"
"503","ASUS","VivoBook","Intel","Core i5",11,0,8,"DDR4",256,1024,"Windows","64-bit",0,"Casual",15.1220212765957,1,1,"No","No",806.290322580645,72990,31,3.9,22,2,"mid"
"504","DELL","Vostro","Intel","Core i5",11,0,8,"DDR4",256,1024,"Windows","64-bit",0,"ThinNlight",15.1220212765957,1,1,"No","Yes",951.451612903226,74066,20,4,8,1,"mid"
"505","Lenovo","IdeaPad","Intel","Core i5",10,0,8,"DDR4",256,1024,"Windows","64-bit",4,"Gaming",15.1220212765957,1,0,"No","No",1203.06451612903,109990,32,4.4,898,128,"mid"
"506","ASUS","_invalid_","Intel","Core i5",10,0,8,"DDR4",256,1024,"Windows","32-bit",2,"Casual",15.1220212765957,1,0,"No","No",951.451612903226,67990,13,5,1,1,"mid"
"508","DELL","Inspiron","Intel","Core i5",11,0,8,"DDR4",256,1024,"Windows","64-bit",2,"Casual",15.1220212765957,1,0,"No","No",1072.41935483871,88519,24,3.8,6,1,"mid"
"509","DELL","G3","Intel","Core i5",10,0,8,"DDR4",256,1024,"Windows","64-bit",4,"Casual",15.1220212765957,1,0,"No","No",1256.45161290323,82300,5,4.3,179,34,"mid"
"510","DELL","Inspiron","Intel","Core i5",11,0,8,"DDR4",256,1024,"Windows","64-bit",2,"Casual",15.1220212765957,1,0,"No","No",1088.54838709677,82600,18,3.8,41,5,"mid"
"512","DELL","Inspiron","Intel","Core i5",11,0,8,"DDR4",256,1024,"Windows","64-bit",0,"Casual",15.1220212765957,1,1,"No","Yes",951.451612903226,61990,4,4.3,114,9,"mid"
"513","Lenovo","IdeaPad","Intel","Core i5",10,0,8,"DDR4",256,1024,"Windows","64-bit",4,"Gaming",15.1220212765957,1,0,"No","No",1209.66129032258,75500,0,4.3,268,25,"mid"
"514","ASUS","VivoBook","Intel","Core i5",11,0,8,"DDR4",256,1024,"Windows","64-bit",0,"Casual",15.1220212765957,1,1,"No","Yes",1111.29032258065,78999,12,5,6,1,"mid"
"515","DELL","Inspiron","Intel","Core i5",11,0,8,"DDR4",256,1024,"Windows","64-bit",2,"Casual",15.6,0,0,"No","No",1156.37096774194,75732,5,4.2,153,16,"mid"
"516","acer","Travelmate","Intel","Core i5",11,0,16,"DDR4",256,1024,"Windows","64-bit",0,"Casual",14,0,0,"No","No",1007.90322580645,85000,26,3.4,8,0,"mid"
"517","DELL","Inspiron","Intel","Core i5",8,0,8,"DDR4",0,2048,"Windows","64-bit",2,"Casual",15.6,0,1,"No","Yes",1005.11290322581,0,0,4,377,53,"mid"
"519","DELL","Inspiron","Intel","Core i7",8,0,16,"DDR4",256,0,"Windows","64-bit",4,"Casual",15.1220212765957,1,1,"No","Yes",1419.1935483871,88532,0,4.1,120,21,"high"
"526","ASUS","VivoBook","Intel","Core i7",10,0,16,"DDR4",512,0,"Windows","64-bit",0,"Casual",15.6,0,1,"No","No",935.322580645161,80990,28,4.3,76,9,"mid"
"527","ASUS","VivoBook","Intel","Core i7",10,0,8,"DDR4",512,0,"Windows","64-bit",4,"Gaming",15.6,0,0,"No","No",999.838709677419,88990,30,4.5,11,2,"mid"
"528","MSI","GF63","Intel","Core i7",10,0,16,"DDR4",512,0,"Windows","64-bit",4,"Casual",15.6,0,2,"No","No",1290.16129032258,95990,16,4.5,484,56,"mid"
"529","Lenovo","IdeaPad","Intel","Core i7",10,0,8,"DDR4",512,0,"Windows","64-bit",4,"Gaming",15.6,0,1,"No","Yes",1112.74193548387,99290,30,4.5,44,2,"mid"
"530","Mi","Notebook","Intel","Core i7",10,0,8,"DDR4",512,0,"Windows","64-bit",2,"Casual",14,0,1,"No","No",959.516129032258,65999,9,4.2,399,40,"mid"
"531","Lenovo","IdeaPad","Intel","Core i7",11,0,16,"DDR4",512,0,"Windows","64-bit",0,"Casual",14,0,1,"Yes","Yes",1386.93548387097,125890,31,4.4,77,10,"high"
"532","Lenovo","Legion","Intel","Core i7",11,0,16,"DDR4",512,0,"Windows","64-bit",4,"Casual",15.6,0,1,"No","Yes",1612.74193548387,153490,34,4.4,11,3,"high"
"533","Infinix","X1","Intel","Core i7",10,0,16,"LPDDR4X",512,0,"Windows","64-bit",8,"Casual",14,0,0,"No","No",886.935483870968,69999,21,4.3,57,14,"mid"
"534","ASUS","VivoBook","Intel","Core i7",11,0,8,"DDR4",512,0,"Windows","64-bit",0,"Casual",14,0,1,"No","Yes",1257.90322580645,96990,19,4.3,21,5,"mid"
"535","Lenovo","IdeaPad","Intel","Core i7",11,0,8,"DDR4",512,0,"Windows","64-bit",4,"Gaming",15.6,0,0,"No","No",1290.16129032258,118890,32,4,5,2,"mid"
"536","HP","Pavilion","Intel","Core i7",11,0,16,"DDR4",512,0,"Windows","64-bit",4,"Casual",15.6,0,1,"No","Yes",1503.06451612903,118776,21,5,4,0,"high"
"538","Lenovo","Thinkbook","Intel","Core i7",11,0,16,"DDR4",512,0,"Windows","64-bit",0,"Casual",14,0,3,"Yes","Yes",1370.8064516129,109696,22,4.5,13,2,"high"
"539","MSI","_invalid_","Intel","Core i7",10,0,8,"DDR4",512,0,"Windows","64-bit",0,"ThinNlight",14,0,0,"No","No",935.322580645161,78990,26,4.4,15,0,"mid"
"540","HP","Envy","Intel","Core i7",11,0,16,"DDR4",512,0,"Windows","64-bit",0,"Casual",13.3,0,1,"Yes","Yes",1661.12903225806,114751,10,4.7,11,2,"high"
"542","ASUS","ASUS","Intel","Core i7",11,0,16,"DDR4",512,0,"Windows","64-bit",4,"Gaming",16,0,0,"No","No",1532.09677419355,101990,6,4.5,118,15,"high"
"545","HP","Pavilion","Intel","Core i7",11,0,16,"DDR4",512,0,"Windows","64-bit",4,"Gaming",16,0,1,"No","Yes",1454.67741935484,107262,15,4.3,6,1,"high"
"547","MSI","Prestige","Intel","Core i7",10,0,16,"DDR4",512,0,"Windows","64-bit",4,"Casual",16,0,1,"No","No",1774.03225806452,134990,18,4.3,138,30,"high"
"551","ASUS","VivoBook","Intel","Core i7",11,0,16,"DDR4",512,0,"Windows","64-bit",2,"Casual",15.1220212765957,1,1,"No","Yes",1274.03225806452,104990,24,4.5,35,4,"mid"
"552","DELL","XPS","Intel","Core i7",8,0,16,"DDR3",512,0,"Windows","64-bit",0,"ThinNlight",16,0,1,"No","Yes",1965.96774193548,139104,12,1.7,3,0,"high"
"553","ASUS","ZenBook","Intel","Core i7",8,0,16,"LPDDR3",512,0,"Windows","64-bit",0,"ThinNlight",15.1220212765957,1,1,"No","No",1386.93548387097,99990,14,4.4,18,0,"high"
"555","HP","Pavilion","Intel","Core i7",11,0,16,"DDR4",512,0,"Windows","64-bit",4,"Gaming",16,0,1,"No","Yes",1483.87096774194,113019,18,4.5,8,1,"high"
"558","MSI","Modern","Intel","Core i7",11,0,16,"DDR4",512,0,"Windows","64-bit",0,"Casual",15.1220212765957,1,0,"No","No",1048.22580645161,78990,17,4.4,33,5,"mid"
"563","MSI","Prestige","Intel","Core i7",10,0,16,"DDR4",512,0,"Windows","64-bit",2,"Casual",16,0,1,"No","No",1693.38709677419,123990,15,4,85,9,"high"
"565","ASUS","ZenBook","Intel","Core i7",8,0,16,"DDR3",512,0,"Windows","64-bit",0,"ThinNlight",16,0,1,"No","No",1612.74193548387,122990,18,4.3,30,7,"high"
"574","ASUS","ZenBook","Intel","Core i7",8,0,8,"LPDDR3",512,0,"Windows","64-bit",0,"ThinNlight",13.3,0,1,"No","No",1322.41935483871,102987,20,4.3,40,4,"mid"
"575","MSI","GF63","Intel","Core i7",9,0,8,"DDR4",512,0,"Windows","64-bit",4,"Casual",15.6,0,2,"No","No",1080.48387096774,104990,36,4.5,1639,230,"mid"
"576","MSI","GF65","Intel","Core i7",10,0,16,"DDR4",1024,0,"Windows","64-bit",6,"Casual",15.6,0,2,"No","No",1370.8064516129,123990,31,4.4,498,64,"high"
"579","ASUS","ASUS","Intel","Core i7",11,0,16,"DDR4",1024,0,"Windows","64-bit",4,"Gaming",15.6,0,0,"No","No",1596.61290322581,136990,27,4.5,445,56,"high"
"582","MSI","Stealth","Intel","Core i7",11,0,16,"DDR4",1024,0,"Windows","64-bit",6,"Casual",16,0,2,"No","No",1935.32258064516,162990,26,4.3,20,3,"high"
"584","ASUS","ZenBook","Intel","Core i7",10,0,16,"LPDDR3",1024,0,"Windows","64-bit",2,"Casual",16,0,1,"No","Yes",2015.96774193548,146990,14,4.6,17,1,"high"
"588","Lenovo","Yoga","Intel","Core i7",11,0,16,"LPDDR4X",1024,0,"Windows","64-bit",0,"Casual",16,0,1,"No","Yes",1983.70967741935,167890,26,3,4,2,"high"
"594","MSI","Pulse","Intel","Core i7",11,0,16,"DDR4",1024,0,"Windows","64-bit",8,"Casual",16,0,2,"No","No",2096.61290322581,179990,27,4.2,14,3,"high"
"597","acer","Predator","Intel","Core i7",11,0,16,"DDR4",1024,0,"Windows","64-bit",6,"Casual",16,0,1,"No","No",2096.61290322581,149990,13,4.5,54,7,"high"
"599","DELL","Inspiron","Intel","Core i7",11,0,16,"DDR4",1024,0,"Windows","64-bit",2,"Casual",16,0,1,"No","Yes",1515.40322580645,122300,23,4.8,4,0,"high"
"601","HP","Spectre","Intel","Core i7",11,0,16,"LPDDR4X",1024,0,"Windows","64-bit",0,"Casual",16,0,1,"Yes","Yes",2072.58064516129,152042,15,3.7,3,1,"high"
"602","Lenovo","Yoga","Intel","Core i7",11,0,16,"DDR4",1024,0,"Windows","64-bit",0,"Casual",16,0,1,"Yes","Yes",1661.12903225806,104033,1,4.4,16,2,"high"
"603","ASUS","ZenBook","Intel","Core i7",11,0,16,"LPDDR4X",1024,0,"Windows","64-bit",0,"Casual",16,0,1,"Yes","No",1935.32258064516,158990,24,4.8,8,1,"high"
"610","Lenovo","Yoga","Intel","Core i7",10,0,16,"LPDDR4X",1024,0,"Windows","64-bit",0,"ThinNlight",16,0,0,"No","No",1935.32258064516,148082,18,2.5,2,1,"high"
"613","Avita","Liber","Intel","Core i7",10,0,16,"DDR4",1024,0,"Windows","64-bit",0,"ThinNlight",14,0,0,"No","No",1015.96774193548,83390,24,3.9,207,49,"mid"
"614","Lenovo","ThinkBook","Intel","Core i7",11,0,16,"LPDDR4",1024,0,"Windows","64-bit",0,"Casual",13,0,1,"No","Yes",1386.93548387097,148158,41,3.4,7,2,"high"
"622","MSI","GF63","Intel","Core i7",10,0,8,"DDR4",256,1024,"Windows","64-bit",4,"Casual",15.6,0,2,"No","No",1032.09677419355,83990,23,4.3,794,83,"mid"
"623","ASUS","VivoBook","Intel","Core i7",10,0,16,"DDR4",256,1024,"Windows","64-bit",4,"Gaming",15.6,0,0,"No","No",1080.48387096774,97990,31,4.2,25,4,"mid"
"625","acer","Predator","Intel","Core i7",10,0,16,"DDR4",256,1024,"Windows","64-bit",6,"Casual",16,0,1,"No","No",1935.32258064516,140990,14,4.6,2038,313,"high"
"628","acer","Predator","Intel","Core i7",11,0,16,"DDR4",512,1024,"Windows","64-bit",4,"Casual",15.6,0,1,"No","No",1499.83870967742,130990,29,4.5,214,37,"high"
"629","acer","Predator","Intel","Core i7",11,0,16,"DDR4",512,1024,"Windows","32-bit",6,"Casual",15.6,0,1,"No","No",1935.32258064516,140990,14,4.5,342,54,"high"
"638","Smartron","t.book","Intel","Core m3",7,0,4,"DDR3",128,0,"Windows","64-bit",0,"Casual",12.2,0,0,"Yes","No",693.387096774194,45990,6,3.5,25,6,"low"
"639","MSI","Katana","Intel","Core i5",10,0,8,"LPDDR4",0,512,"DOS","32-bit",4,"Casual",15.1220212765957,1,0,"No","No",1403.06451612903,117990,26,4.5,218,27,"high"
"641","acer","Dual","AMD","Dual Core",10.3318112633181,1,4,"DDR4",256,0,"Windows","64-bit",0,"Casual",15.1220212765957,1,1,"No","No",515.967741935484,32990,3,4,762,104,"low"
"642","MSI","Pulse","Intel","Core i5",10,0,8,"LPDDR4",0,512,"DOS","32-bit",6,"Casual",15.1220212765957,1,0,"No","No",1774.03225806452,139990,21,4.6,78,16,"high"
"643","MSI","Pulse","Intel","Core i5",10,0,8,"LPDDR4",0,512,"DOS","32-bit",4,"Casual",15.1220212765957,1,0,"No","No",1767.58064516129,123990,11,4.6,5,2,"high"
"645","HP","Chromebook","Intel","Dual Core",10,0,4,"DDR4",0,512,"DOS","32-bit",0,"Casual",15.1220212765957,1,0,"No","No",995.887096774194,0,0,4.6,23,4,"mid"
"649","DELL","G15","Intel","GeForce GTX",10,0,8,"LPDDR4",0,512,"DOS","32-bit",4,"Casual",15.6,0,0,"No","No",1217.74193548387,83557,9,4.4,28,1,"mid"
"653","DELL","G15","Intel","GEFORCE RTX",10,0,4,"DDR4",0,512,"DOS","32-bit",4,"Casual",15.1220212765957,1,0,"No","No",1548.22580645161,124078,22,4.3,20,5,"high"
"654","MSI","GF65","Intel","Hexa Core",10.3318112633181,1,16,"DDR4",512,0,"Windows","64-bit",6,"Casual",15.6,0,2,"No","No",1241.77419354839,106990,28,4.5,298,49,"mid"
"655","MSI","GF63","Intel","Hexa Core",10.3318112633181,1,8,"DDR4",256,1024,"Windows","64-bit",4,"Casual",15.6,0,2,"No","No",903.064516129032,72990,23,4.4,2582,272,"mid"
"656","APPLE","MacBook","M1","M1",10,0,8,"DDR4",256,0,"Mac","64-bit",0,"Casual",13.3,0,1,"No","No",1386.93548387097,92900,7,4.7,6725,629,"high"
"657","APPLE","MacBook","M1","M1",10,0,8,"DDR4",256,0,"Mac","64-bit",0,"Casual",13.3,0,1,"No","No",1822.41935483871,122900,8,4.8,640,70,"high"
"658","APPLE","MacBook","M1","M1",10,0,16,"DDR4",256,0,"Mac","64-bit",0,"Casual",13.3,0,1,"No","No",1693.38709677419,112900,7,4.7,45,4,"high"
"659","APPLE","MacBook","M1","M1",10,0,8,"DDR4",256,0,"Mac","64-bit",0,"Casual",13.3,0,1,"No","No",1822.41935483871,122900,8,4.8,640,70,"high"
"661","APPLE","MacBook","M1","M1",10,0,16,"DDR4",256,0,"Mac","64-bit",0,"Casual",13.3,0,1,"No","No",1693.38709677419,112900,7,4.7,45,4,"high"
"662","APPLE","MacBook","M1","M1",10,0,8,"DDR4",256,0,"Mac","64-bit",0,"Casual",13.3,0,1,"No","No",1386.93548387097,92900,7,4.7,6725,629,"high"
"664","APPLE","MacBook","M1","M1",10,0,8,"DDR4",512,0,"Mac","64-bit",0,"Casual",13.3,0,1,"No","No",2032.09677419355,142900,11,4.6,399,45,"high"
"665","APPLE","MacBook","M1","M1",10,0,8,"DDR4",512,0,"Mac","64-bit",0,"Casual",13.3,0,1,"No","No",1677.25806451613,117900,11,4.7,809,91,"high"
"666","APPLE","MacBook","M1","M1",10,0,8,"DDR4",512,0,"Mac","64-bit",0,"Casual",13.3,0,1,"No","No",1645,117900,13,4.7,809,91,"high"
"667","APPLE","MacBook","M1","M1",10,0,8,"DDR4",512,0,"Mac","64-bit",0,"Casual",13.3,0,1,"No","No",1693.38709677419,110900,5,4.7,6725,629,"high"
"669","APPLE","MacBook","M1","M1",10,0,16,"DDR4",512,0,"Mac","64-bit",0,"Casual",13.3,0,1,"No","No",2080.48387096774,137900,6,4.7,45,4,"high"
"672","APPLE","MacBook","M1","M1",10,0,4,"DDR4",512,0,"Mac","64-bit",0,"Casual",16,0,1,"No","No",2015.96774193548,132900,5,4.7,45,4,"high"
"673","APPLE","MacBook","M1","M1",10,0,8,"DDR4",512,0,"Mac","64-bit",0,"Casual",13.3,0,1,"No","No",1693.38709677419,110900,5,4.7,6725,629,"high"
"682","acer","Predator","Intel","Genuine Windows",10,0,4,"DDR4",0,512,"DOS","32-bit",4,"Casual",15.1220212765957,1,0,"No","No",2096.75806451613,0,0,4.5,3227,693,"high"
"684","iball","CompBook","Intel","Pentium Quad",10.3318112633181,1,4,"DDR3",0,512,"Windows","64-bit",0,"Casual",15.1220212765957,1,0,"No","No",225.645161290323,19999,30,3.8,1218,209,"low"
"687","HP","Pentium","Intel","Pentium Quad",10.3318112633181,1,8,"DDR4",256,0,"Windows","64-bit",0,"ThinNlight",14,0,1,"No","Yes",532.096774193548,36865,10,4.1,77,9,"low"
"688","ASUS","VivoBook","Intel","Pentium Quad",10.3318112633181,1,4,"DDR4",256,0,"Windows","64-bit",0,"ThinNlight",15.1220212765957,1,1,"No","Yes",548.225806451613,39990,15,4.3,6,0,"low"
"689","acer","Extensa","Intel","Pentium Quad",10.3318112633181,1,4,"DDR4",256,0,"Windows","64-bit",0,"Casual",15.1220212765957,1,1,"No","No",499.838709677419,34990,11,4.2,465,89,"low"
"690","DELL","Inspiron","Intel","Pentium Quad",10.3318112633181,1,4,"DDR4",256,0,"Windows","64-bit",0,"ThinNlight",15.1220212765957,1,1,"No","No",580.645161290323,43000,16,4.3,102,16,"low"
"691","ASUS","VivoBook","Intel","Pentium Quad",10.3318112633181,1,4,"DDR4",256,0,"Windows","64-bit",0,"ThinNlight",15.1220212765957,1,1,"No","Yes",532.096774193548,39990,17,4.3,7,1,"low"
"694","ASUS","Pentium","Intel","Pentium Quad",10.3318112633181,1,4,"DDR4",0,1024,"Windows","64-bit",0,"Casual",15.6,0,1,"No","No",419.193548387097,40108,35,3.7,4741,658,"low"
"695","ASUS","Pentium","Intel","Pentium Quad",10.3318112633181,1,4,"DDR4",0,1024,"Windows","64-bit",0,"Casual",15.6,0,1,"No","No",419.193548387097,30990,16,3.8,2736,350,"low"
"697","ASUS","VivoBook","Intel","Pentium Silver",10.3318112633181,1,4,"DDR4",256,0,"Windows","64-bit",0,"ThinNlight",14,0,0,"No","No",483.709677419355,38990,23,4,36,3,"low"
"698","ASUS","EeeBook","Intel","Pentium Silver",10.3318112633181,1,4,"DDR4",256,0,"Windows","64-bit",0,"ThinNlight",15.1220212765957,1,0,"No","No",515.967741935484,40990,21,3.8,5,0,"low"
"699","Lenovo","Legion","Intel","Genuine Windows",10,0,4,"DDR4",0,512,"DOS","32-bit",4,"Casual",15.1220212765957,1,0,"No","No",1256.29032258065,110890,29,4.4,208,57,"mid"
"700","HP","Ryzen","AMD","Ryzen 3",10.3318112633181,1,8,"DDR4",256,0,"Windows","64-bit",0,"ThinNlight",15.6,0,1,"No","No",612.741935483871,46055,17,4.3,2214,241,"low"
"701","ASUS","Ryzen","AMD","Ryzen 3",10.3318112633181,1,8,"DDR4",256,0,"Windows","64-bit",0,"ThinNlight",15.6,0,1,"No","No",580.483870967742,46990,23,4.3,2886,375,"low"
"702","DELL","Inspiron","AMD","Ryzen 3",10.3318112633181,1,8,"DDR4",256,0,"Windows","64-bit",0,"ThinNlight",15.6,0,0,"No","No",636.935483870968,49714,20,4.3,34,4,"low"
"703","DELL","Inspiron","AMD","Ryzen 3",10.3318112633181,1,8,"DDR4",256,0,"Windows","64-bit",0,"ThinNlight",14.96,0,0,"No","No",596.612903225806,50586,26,4.2,137,15,"low"
"704","DELL","Ryzen","AMD","Ryzen 3",10.3318112633181,1,8,"DDR4",256,0,"Windows","64-bit",0,"ThinNlight",15.6,0,1,"No","No",645,53640,25,4.6,7,0,"low"
"705","ASUS","Ryzen","AMD","Ryzen 3",10.3318112633181,1,4,"DDR4",256,0,"Windows","64-bit",0,"ThinNlight",15.6,0,1,"No","No",543.387096774194,37990,11,4.2,170,26,"low"
"707","ASUS","VivoBook","AMD","Ryzen 3",10.3318112633181,1,4,"DDR4",256,0,"Windows","64-bit",0,"Casual",15.1220212765957,1,1,"No","No",612.741935483871,46990,19,4.2,39,3,"low"
"708","ASUS","VivoBook","AMD","Ryzen 3",10.3318112633181,1,4,"DDR4",256,0,"Windows","64-bit",0,"ThinNlight",15.1220212765957,1,1,"No","Yes",556.451612903226,42990,19,4.3,2886,375,"low"
"709","acer","Aspire","AMD","Ryzen 3",10.3318112633181,1,8,"DDR4",512,0,"Windows","64-bit",0,"Casual",15.6,0,1,"No","No",596.612903225806,44999,17,4.6,11,2,"low"
"710","HP","Ryzen","AMD","Ryzen 3",10.3318112633181,1,8,"DDR4",512,0,"Windows","64-bit",0,"ThinNlight",14,0,0,"No","No",701.451612903226,52990,17,4.6,163,33,"low"
"711","HP","Ryzen","AMD","Ryzen 3",10.3318112633181,1,8,"DDR4",512,0,"Windows","64-bit",0,"ThinNlight",15.6,0,1,"No","Yes",669.193548387097,51748,19,4.2,153,21,"low"
"713","HP","15s","AMD","Ryzen 3",10.3318112633181,1,4,"DDR4",512,0,"Windows","64-bit",0,"ThinNlight",15.1220212765957,1,1,"No","Yes",717.58064516129,49000,9,4.3,267,42,"low"
"715","DELL","Inspiron","AMD","Ryzen 3",10.3318112633181,1,8,"DDR4",512,0,"Windows","64-bit",0,"ThinNlight",15.6,0,0,"No","No",678.870967741935,56771,25,3.3,3,0,"low"
"716","DELL","Vostro","AMD","Ryzen 3",10.3318112633181,1,8,"DDR4",0,1024,"Windows","64-bit",0,"ThinNlight",14,0,1,"No","Yes",580.483870967742,50651,28,4.1,59,12,"low"
"717","HP","15s","AMD","Ryzen 3",10.3318112633181,1,8,"DDR4",0,1024,"Windows","64-bit",0,"ThinNlight",15.6,0,1,"No","Yes",636.935483870968,40957,3,4.2,7291,895,"low"
"718","DELL","Inspiron","AMD","Ryzen 3",10.3318112633181,1,8,"DDR4",0,1024,"Windows","64-bit",0,"ThinNlight",15.6,0,0,"No","No",603.064516129032,50149,25,4.2,38,5,"low"
"720","DELL","Inspiron","AMD","Ryzen 3",10.3318112633181,1,4,"DDR4",0,1024,"Windows","64-bit",0,"Casual",15.1220212765957,1,1,"No","Yes",645,49613,19,4.1,409,39,"low"
"722","HP","15q","AMD","Ryzen 3",10.3318112633181,1,4,"DDR4",0,1024,"Windows","64-bit",0,"Casual",15.6,0,1,"No","No",530.91935483871,0,0,4,353,58,"low"
"723","Lenovo","Ryzen","AMD","Ryzen 3",10.3318112633181,1,4,"DDR4",0,1024,"Windows","64-bit",0,"Casual",15.6,0,0,"No","No",564.354838709677,36923,5,3.3,38,6,"low"
"724","DELL","Inspiron","AMD","Ryzen 3",10.3318112633181,1,8,"DDR4",0,1024,"Windows","64-bit",0,"ThinNlight",14.96,0,0,"No","No",645,51574,22,3.1,18,4,"low"
"725","HP","15s","AMD","Ryzen 3",10.3318112633181,1,8,"DDR4",256,1024,"Windows","64-bit",0,"Casual",15.6,0,1,"No","Yes",677.403225806452,48294,13,4.3,3524,432,"low"
"726","HP","Chromebook","MediaTek","MediaTek Kompanio",10,0,4,"DDR4",0,512,"DOS","32-bit",0,"Casual",15.1220212765957,1,0,"No","No",370.806451612903,26663,13,3.8,4623,553,"low"
"727","HP","Chromebook","MediaTek","MediaTek Kompanio",10,0,4,"LPDDR4X",0,512,"DOS","32-bit",0,"Casual",15.1220212765957,1,0,"No","No",362.741935483871,24845,9,3.8,4623,553,"low"
"728","HP","Chromebook","MediaTek","MediaTek Kompanio",10,0,4,"LPDDR4X",0,512,"DOS","32-bit",0,"Casual",15.1220212765957,1,0,"No","No",370.806451612903,24845,7,3.8,4623,553,"low"
"729","MICROSOFT","Surface","AMD","Ryzen 5",10.3318112633181,1,4,"DDR4",128,0,"Windows","64-bit",0,"Casual",15.1220212765957,1,0,"Yes","No",1612.74193548387,124999,20,3.8,9,0,"high"
"730","DELL","Vostro","AMD","Ryzen 5",10.3318112633181,1,8,"DDR4",256,0,"Windows","64-bit",0,"Casual",14,0,1,"No","Yes",677.258064516129,59580,29,4.3,939,107,"low"
"731","DELL","Inspiron","AMD","Ryzen 5",10.3318112633181,1,8,"DDR4",256,0,"Windows","64-bit",0,"ThinNlight",15.6,0,1,"No","No",717.58064516129,58194,23,4.2,14,1,"low"
"732","DELL","Inspiron","AMD","Ryzen 5",10.3318112633181,1,8,"DDR4",256,0,"Windows","64-bit",0,"Casual",15.6,0,1,"No","Yes",677.258064516129,49613,15,4.4,649,84,"low"
"733","DELL","Vostro","AMD","Ryzen 5",10.3318112633181,1,8,"DDR4",256,0,"Windows","64-bit",0,"ThinNlight",14,0,1,"No","Yes",717.58064516129,58286,23,4.3,8,2,"low"
"735","DELL","Inspiron","AMD","Ryzen 5",10.3318112633181,1,4,"DDR4",256,0,"Windows","64-bit",0,"ThinNlight",15.1220212765957,1,1,"No","No",715.967741935484,56573,21,4,276,24,"low"
"736","HP","Pavilion","AMD","Ryzen 5",10.3318112633181,1,8,"DDR4",512,0,"Windows","64-bit",4,"Casual",15.6,0,1,"No","No",935.322580645161,70172,17,4.5,4740,532,"mid"
"737","Lenovo","IdeaPad","AMD","Ryzen 5",10.3318112633181,1,8,"DDR4",512,0,"Windows","64-bit",4,"Gaming",15.6,0,1,"No","Yes",919.193548387097,83890,32,4.5,162,15,"mid"
"738","Lenovo","IdeaPad","AMD","Ryzen 5",10.3318112633181,1,8,"DDR4",512,0,"Windows","64-bit",0,"ThinNlight",15.6,0,1,"No","No",790.161290322581,68990,28,4.4,219,27,"mid"
"739","HP","Ryzen","AMD","Ryzen 5",10.3318112633181,1,8,"DDR4",512,0,"Windows","64-bit",0,"ThinNlight",14,0,1,"No","Yes",805.967741935484,59808,16,4.5,193,28,"mid"
"740","MSI","Modern","AMD","Ryzen 5",10.3318112633181,1,8,"DDR4",512,0,"Windows","64-bit",0,"Casual",14,0,0,"No","No",774.032258064516,61990,22,4.6,562,89,"mid"
"741","HP","Ryzen","AMD","Ryzen 5",10.3318112633181,1,8,"DDR4",512,0,"Windows","64-bit",0,"ThinNlight",15.6,0,1,"No","Yes",790.161290322581,60959,19,4.4,45,5,"mid"
"742","acer","Swift","AMD","Ryzen 5",10.3318112633181,1,8,"LPDDR4X",512,0,"Windows","64-bit",0,"ThinNlight",14,0,1,"No","No",870.806451612903,89999,40,4.9,7,0,"mid"
"743","Lenovo","IdeaPad","AMD","Ryzen 5",10.3318112633181,1,8,"DDR4",512,0,"Windows","64-bit",0,"Casual",15.6,0,1,"No","Yes",854.677419354839,78290,32,4.2,39,5,"mid"
"745","Lenovo","Ideapad","AMD","Ryzen 5",10.3318112633181,1,8,"DDR4",512,0,"Windows","64-bit",4,"Gaming",15.6,0,0,"No","No",959.516129032258,89490,33,4.5,92,10,"mid"
"746","MSI","Bravo","AMD","Ryzen 5",10.3318112633181,1,8,"DDR4",512,0,"Windows","64-bit",4,"Casual",15.6,0,0,"No","No",1048.22580645161,83990,22,4.5,469,80,"mid"
"747","DELL","Vostro","AMD","Ryzen 5",10.3318112633181,1,8,"DDR4",512,0,"Windows","64-bit",0,"ThinNlight",14,0,0,"No","No",765.967741935484,61740,23,2.5,2,1,"mid"
"748","HP","HP","AMD","Ryzen 5",10.3318112633181,1,8,"DDR4",512,0,"Windows","64-bit",4,"Casual",15.6,0,1,"No","No",967.58064516129,76020,21,4.4,1978,188,"mid"
"749","Lenovo","Legion","AMD","Ryzen 5",10.3318112633181,1,8,"DDR4",512,0,"Windows","64-bit",4,"Casual",15.6,0,0,"No","No",1128.87096774194,107690,35,4.3,9,0,"mid"
"750","HP","15-ec1105AX","AMD","Ryzen 5",10.3318112633181,1,8,"DDR4",512,0,"Windows","64-bit",4,"Casual",15.6,0,1,"No","No",951.451612903226,70172,15,4.5,1049,134,"mid"
"751","DELL","Vostro","AMD","Ryzen 5",10.3318112633181,1,8,"DDR4",512,0,"Windows","64-bit",0,"ThinNlight",14,0,1,"No","No",959.516129032258,61060,2,4.6,74,18,"mid"
"752","HP","Pavilion","AMD","Ryzen 5",10.3318112633181,1,16,"DDR4",512,0,"Windows","64-bit",0,"ThinNlight",15.6,0,1,"No","Yes",1088.70967741935,75049,10,4.4,196,19,"mid"
"753","HP","Ryzen","AMD","Ryzen 5",10.3318112633181,1,8,"DDR4",512,0,"Windows","32-bit",0,"Casual",15.6,0,0,"No","No",790.161290322581,60959,19,4.6,17,1,"mid"
"754","ASUS","VivoBook","AMD","Ryzen 5",10.3318112633181,1,8,"DDR4",512,0,"Windows","64-bit",0,"Casual",14,0,1,"Yes","Yes",1007.25806451613,74990,16,4.4,172,36,"mid"
"755","ASUS","VivoBook","AMD","Ryzen 5",10.3318112633181,1,8,"DDR4",512,0,"Windows","64-bit",0,"Casual",14,0,1,"No","No",951.451612903226,73990,20,4.4,324,34,"mid"
"756","ASUS","APU","AMD","Quad",10,0,4,"DDR4",0,512,"DOS","32-bit",0,"Casual",15.1220212765957,1,0,"No","No",322.41935483871,23390,14,4,2887,476,"low"
"757","HP","Pavilion","AMD","Ryzen 5",10.3318112633181,1,8,"DDR4",512,0,"Windows","64-bit",0,"ThinNlight",15.6,0,1,"No","Yes",935.467741935484,70419,17,4.5,86,15,"mid"
"758","ASUS","VivoBook","AMD","Ryzen 5",10.3318112633181,1,16,"DDR4",512,0,"Windows","64-bit",0,"Casual",15.6,0,0,"No","No",919.193548387097,80990,29,4.8,4,1,"mid"
"759","HP","Pavilion","AMD","Ryzen 5",10.3318112633181,1,8,"DDR4",512,0,"Windows","64-bit",4,"Casual",15.6,0,1,"No","Yes",1177.25806451613,87717,16,4.7,16,4,"mid"
"760","HP","Pavilion","AMD","Ryzen 5",10.3318112633181,1,16,"DDR4",512,0,"Windows","64-bit",0,"Casual",13.3,0,1,"No","Yes",1064.35483870968,89992,26,4.4,104,18,"mid"
"762","HP","Pavilion","AMD","Ryzen 5",10.3318112633181,1,16,"DDR4",512,0,"Windows","64-bit",2,"Casual",14,0,1,"No","Yes",1032.09677419355,74839,14,4.2,90,13,"mid"
"763","ASUS","Ryzen","AMD","Ryzen 5",10.3318112633181,1,8,"DDR4",512,0,"Windows","32-bit",0,"ThinNlight",15.6,0,1,"No","Yes",804.677419354839,69990,28,4.7,6,1,"mid"
"764","DELL","Inspiron","AMD","Ryzen 5",10.3318112633181,1,8,"DDR4",512,0,"Windows","64-bit",0,"ThinNlight",15.6,0,1,"No","Yes",806.290322580645,66161,24,4.4,47,7,"mid"
"766","HP","Envy","AMD","Ryzen 5",10.3318112633181,1,8,"DDR4",512,0,"Windows","64-bit",0,"Casual",13.3,0,1,"Yes","Yes",1193.53225806452,88840,16,4.6,206,27,"mid"
"767","DELL","Inspiron","AMD","Ryzen 5",10.3318112633181,1,4,"DDR4",512,0,"Windows","64-bit",0,"ThinNlight",15.1220212765957,1,1,"No","Yes",983.709677419355,67861,10,4.4,183,42,"mid"
"768","DELL","G5","AMD","Ryzen 5",10.3318112633181,1,4,"DDR4",512,0,"Windows","64-bit",6,"Casual",15.1220212765957,1,0,"No","No",1228.87096774194,80996,5,4.4,358,64,"mid"
"770","ASUS","VivoBook","AMD","Ryzen 5",10.3318112633181,1,4,"DDR4",512,0,"Windows","64-bit",0,"Casual",15.1220212765957,1,1,"No","No",951.451612903226,73990,20,4.3,88,13,"mid"
"773","HP","Pavilion","AMD","Ryzen 5",10.3318112633181,1,4,"DDR4",512,0,"Windows","64-bit",0,"ThinNlight",15.1220212765957,1,1,"No","Yes",888.548387096774,67931,18,4.4,364,52,"mid"
"776","acer","Aspire","AMD","Ryzen 5",10.3318112633181,1,4,"DDR4",512,0,"Windows","64-bit",0,"Casual",15.1220212765957,1,1,"No","No",725.645161290323,56990,21,4.4,313,39,"mid"
"777","HP","15s","AMD","Ryzen 5",10.3318112633181,1,4,"DDR4",512,0,"Windows","64-bit",0,"ThinNlight",15.1220212765957,1,1,"No","Yes",862.741935483871,59990,10,4.4,826,118,"mid"
"780","MSI","Modern","AMD","Ryzen 5",10.3318112633181,1,4,"DDR4",512,0,"Windows","64-bit",0,"Casual",15.1220212765957,1,0,"No","No",886.935483870968,69990,21,4.4,1410,203,"mid"
"781","acer","Aspire","AMD","Ryzen 5",10.3318112633181,1,4,"DDR4",512,0,"Windows","64-bit",0,"Casual",15.1220212765957,1,1,"No","No",806.290322580645,72990,31,4.4,47,6,"mid"
"783","acer","Aspire","AMD","Ryzen 5",10.3318112633181,1,4,"DDR4",512,0,"Windows","64-bit",0,"ThinNlight",15.1220212765957,1,1,"No","No",806.290322580645,64990,23,4.5,6,1,"mid"
"784","HP","14s","AMD","Ryzen 5",10.3318112633181,1,4,"DDR4",512,0,"Windows","64-bit",0,"ThinNlight",15.1220212765957,1,1,"No","Yes",846.774193548387,60000,12,4.3,741,67,"mid"
"785","Vaio","E","AMD","Ryzen 5",10.3318112633181,1,4,"DDR4",512,0,"Windows","64-bit",0,"ThinNlight",15.1220212765957,1,2,"No","Yes",799.838709677419,66990,25,4.1,700,144,"mid"
"786","ASUS","Ryzen","AMD","Ryzen 5",10.3318112633181,1,4,"DDR4",512,0,"Windows","64-bit",0,"ThinNlight",15.1220212765957,1,1,"No","Yes",806.290322580645,64990,23,4.5,14,2,"mid"
"789","Lenovo","IDEAPAD","AMD","Ryzen 5",10.3318112633181,1,4,"DDR4",512,0,"Windows","32-bit",0,"Casual",15.1220212765957,1,1,"No","No",966.129032258065,62200,3,3.7,3,0,"mid"
"790","HP","15s","AMD","Ryzen 5",10.3318112633181,1,4,"DDR4",512,0,"Windows","64-bit",0,"ThinNlight",15.1220212765957,1,1,"No","Yes",880.483870967742,59990,9,4.4,349,69,"mid"
"792","HP","Ryzen","AMD","Ryzen 5",10.3318112633181,1,8,"DDR4",512,0,"Windows","64-bit",0,"ThinNlight",15.6,0,1,"No","Yes",836.935483870968,58657,11,4.3,519,48,"mid"
"793","ASUS","VivoBook","AMD","Ryzen 5",10.3318112633181,1,16,"DDR4",512,0,"Windows","64-bit",0,"Casual",17.3,0,1,"No","No",1258.06451612903,78990,1,2.7,3,0,"mid"
"794","Vaio","E","AMD","Ryzen 5",10.3318112633181,1,8,"DDR4",512,0,"Windows","64-bit",0,"ThinNlight",15.6,0,2,"No","Yes",822.41935483871,66990,23,4.1,700,144,"mid"
"795","HP","Pavilion","AMD","Ryzen 5",10.3318112633181,1,16,"DDR4",512,0,"Windows","64-bit",0,"ThinNlight",14,0,1,"No","Yes",967.725806451613,74839,19,4.1,19,1,"mid"
"796","HP","Pavilion","AMD","Ryzen 5",10.3318112633181,1,8,"DDR4",512,0,"Windows","64-bit",4,"Gaming",15.6,0,1,"No","Yes",1048.22580645161,69990,7,3.8,8,1,"mid"
"797","DELL","Ryzen","AMD","Ryzen 5",10.3318112633181,1,4,"DDR4",1024,0,"Windows","32-bit",0,"Casual",15.1220212765957,1,0,"No","No",933.870967741935,78900,26,4.7,3,1,"mid"
"799","HP","Pavilion","AMD","Ryzen 5",10.3318112633181,1,4,"DDR4",0,1024,"Windows","64-bit",4,"Gaming",15.1220212765957,1,1,"No","No",967.58064516129,68192,12,4.1,1480,151,"mid"
"800","DELL","Inspiron","AMD","Ryzen 5",10.3318112633181,1,8,"DDR4",256,1024,"Windows","64-bit",0,"Casual",15.6,0,0,"No","No",798.225806451613,66396,25,4,31,3,"mid"
"801","ASUS","VivoBook","AMD","Ryzen 5",10.3318112633181,1,8,"DDR4",256,1024,"Windows","64-bit",0,"Casual",15.6,0,1,"No","No",886.935483870968,78990,30,4.5,18,3,"mid"
"802","Lenovo","Legion","AMD","Ryzen 5",10.3318112633181,1,8,"DDR4",256,1024,"Windows","64-bit",4,"Casual",15.6,0,0,"No","No",1104.83870967742,90890,24,4.5,271,24,"mid"
"803","ASUS","VivoBook","AMD","Ryzen 5",10.3318112633181,1,8,"DDR4",256,1024,"Windows","64-bit",0,"Casual",15.6,0,1,"No","No",886.935483870968,78990,30,4.6,49,6,"mid"
"804","ASUS","VivoBook","AMD","Ryzen 5",10.3318112633181,1,8,"DDR4",256,1024,"Windows","32-bit",0,"Casual",15.6,0,1,"No","Yes",886.935483870968,78990,30,4.4,474,65,"mid"
"805","Lenovo","Ideapad","AMD","Ryzen 5",10.3318112633181,1,8,"DDR4",256,1024,"Windows","64-bit",0,"Gaming",15.6,0,1,"No","Yes",1032.09677419355,85290,24,4.5,861,116,"mid"
"806","HP","Pavilion","AMD","Ryzen 5",10.3318112633181,1,4,"DDR4",256,1024,"Windows","64-bit",4,"Gaming",15.1220212765957,1,1,"No","No",1290.32258064516,83085,3,4.6,34,6,"mid"
"808","ASUS","VivoBook","AMD","Ryzen 5",10.3318112633181,1,4,"DDR4",256,1024,"Windows","64-bit",0,"Casual",15.1220212765957,1,1,"No","Yes",1015.96774193548,74990,16,4.2,165,34,"mid"
"809","HP","Ryzen","AMD","Ryzen 5",10.3318112633181,1,4,"DDR4",256,1024,"Windows","64-bit",0,"ThinNlight",15.1220212765957,1,1,"No","No",854.677419354839,57331,7,4.4,698,74,"mid"
"811","ASUS","ASUS","AMD","Ryzen 7",10.3318112633181,1,16,"DDR4",512,0,"Windows","32-bit",4,"Gaming",17.3,0,0,"No","No",1241.77419354839,106990,28,4.8,22,3,"mid"
"813","ASUS","ROG","AMD","Ryzen 7",10.3318112633181,1,8,"DDR4",512,0,"Windows","64-bit",4,"Casual",15.6,0,0,"No","No",1161.12903225806,90990,20,4.5,144,16,"mid"
"814","ASUS","ROG","AMD","Ryzen 7",10.3318112633181,1,8,"DDR4",512,0,"Windows","64-bit",4,"Casual",15.6,0,0,"No","No",1161.12903225806,90990,20,4.5,1810,235,"mid"
"815","Lenovo","Lenovo","AMD","Ryzen 7",10.3318112633181,1,16,"DDR4",512,0,"Windows","64-bit",4,"Casual",15.6,0,1,"No","Yes",1612.74193548387,138490,27,4.6,26,1,"high"
"818","ASUS","ASUS","AMD","Ryzen 7",10.3318112633181,1,16,"DDR4",512,0,"Windows","64-bit",4,"Gaming",17.3,0,0,"No","No",1338.54838709677,107990,23,4.6,1067,145,"high"
"820","ASUS","VivoBook","AMD","Ryzen 7",10.3318112633181,1,4,"DDR4",512,0,"Windows","64-bit",0,"Casual",16,0,1,"No","No",1499.83870967742,129990,28,4.7,25,4,"high"
"824","Lenovo","Ideapad","AMD","Ryzen 7",10.3318112633181,1,4,"DDR4",512,0,"Windows","64-bit",0,"Casual",15.1220212765957,1,1,"No","Yes",983.709677419355,0,0,4.4,530,69,"mid"
"826","HP","Pavilion","AMD","Ryzen 7",10.3318112633181,1,4,"DDR4",512,0,"Windows","64-bit",4,"Casual",16,0,1,"No","No",1467.58064516129,103215,11,4.6,273,40,"high"
"827","Vaio","E","AMD","Ryzen 7",10.3318112633181,1,4,"DDR4",512,0,"Windows","64-bit",0,"ThinNlight",15.1220212765957,1,2,"No","Yes",919.193548387097,76090,25,3.8,139,26,"mid"
"828","ASUS","VivoBook","AMD","Ryzen 7",10.3318112633181,1,4,"DDR4",512,0,"Windows","64-bit",0,"Casual",15.1220212765957,1,1,"No","No",1032.09677419355,67551,5,4.2,77,7,"mid"
"829","Lenovo","Ideapad","AMD","Ryzen 7",10.3318112633181,1,4,"DDR4",512,0,"Windows","64-bit",0,"Casual",15.1220212765957,1,1,"No","Yes",1032.09677419355,85290,24,4.4,105,10,"mid"
"830","HP","Ryzen","AMD","Ryzen 7",10.3318112633181,1,4,"DDR4",512,0,"Windows","64-bit",0,"ThinNlight",15.1220212765957,1,1,"No","Yes",935.467741935484,73625,21,4.1,44,5,"mid"
"832","Lenovo","Yoga","AMD","Ryzen 7",10.3318112633181,1,4,"DDR4",512,0,"Windows","64-bit",0,"Casual",16,0,1,"Yes","No",1274.03225806452,125888,37,4.7,6,0,"mid"
"836","DELL","G5","AMD","Ryzen 7",10.3318112633181,1,4,"DDR4",512,0,"Windows","64-bit",6,"Casual",16,0,0,"No","No",1451.45161290323,99067,9,4.1,191,27,"high"
"838","Lenovo","Ryzen","AMD","Ryzen 7",10.3318112633181,1,4,"DDR4",512,0,"Windows","64-bit",4,"Casual",16,0,0,"No","No",1179.64516129032,112990,35,3,4,1,"mid"
"842","HP","15s","AMD","Ryzen 7",10.3318112633181,1,4,"DDR4",512,0,"Windows","64-bit",0,"ThinNlight",15.1220212765957,1,1,"No","Yes",1104.83870967742,72000,4,4.5,134,22,"mid"
"844","Vaio","E","AMD","Ryzen 7",10.3318112633181,1,8,"DDR4",512,0,"Windows","64-bit",0,"ThinNlight",15.6,0,2,"No","Yes",935.322580645161,76090,23,3.8,139,26,"mid"
"845","HP","Pavilion","AMD","Ryzen 7",10.3318112633181,1,16,"DDR4",512,0,"Windows","64-bit",2,"Casual",14,0,1,"No","Yes",1290.16129032258,86352,7,3.5,23,6,"mid"
"846","HP","Pavilion","AMD","Ryzen 7",10.3318112633181,1,16,"DDR4",512,0,"Windows","64-bit",4,"Gaming",15.6,0,1,"No","Yes",1370.8064516129,111108,23,2.8,4,2,"high"
"847","MSI","Alpha","AMD","Ryzen 7",10.3318112633181,1,16,"DDR4",1024,0,"Windows","64-bit",8,"Casual",15.6,0,1,"No","No",1612.74193548387,145990,31,4.7,108,24,"high"
"848","ASUS","ROG","AMD","Ryzen 7",10.3318112633181,1,8,"LPDDR4X",1024,0,"Windows","64-bit",4,"Casual",14,0,0,"No","No",1177.25806451613,123990,41,4.6,198,24,"mid"
"854","ASUS","TUF","AMD","Ryzen 7",10.3318112633181,1,4,"DDR4",1024,0,"Windows","32-bit",4,"Gaming",15.1220212765957,1,0,"No","No",1548.22580645161,105990,9,4.7,57,3,"high"
"861","ASUS","ROG","AMD","Ryzen 7",10.3318112633181,1,4,"DDR4",1024,0,"Windows","64-bit",0,"Casual",15.1220212765957,1,1,"No","Yes",1225.8064516129,126990,40,5,1,1,"mid"
"862","ASUS","ROG","AMD","Ryzen 7",10.3318112633181,1,4,"LPDDR4X",1024,0,"Windows","64-bit",4,"Casual",16,0,1,"Yes","No",1612.74193548387,162990,38,4.4,77,15,"high"
"864","ASUS","Ryzen","AMD","Ryzen 7",10.3318112633181,1,16,"LPDDR4X",1024,0,"Windows","64-bit",0,"ThinNlight",13.3,0,1,"No","Yes",1370.48387096774,110990,23,3,2,1,"high"
"865","HP","Pavilion","AMD","Ryzen 7",10.3318112633181,1,16,"DDR4",256,1024,"Windows","64-bit",4,"Gaming",15.6,0,1,"No","Yes",1225.64516129032,93564,18,4.5,1084,123,"mid"
"866","acer","Nitro","AMD","Ryzen 7",10.3318112633181,1,16,"DDR4",256,1024,"Windows","64-bit",6,"Casual",15.6,0,1,"No","No",1451.45161290323,119990,25,4.4,272,36,"high"
"867","acer","Nitro","AMD","Ryzen 7",10.3318112633181,1,16,"DDR4",256,1024,"Windows","64-bit",4,"Casual",15.6,0,0,"No","No",1322.41935483871,119900,31,4.5,141,24,"mid"
"872","ASUS","ROG","AMD","Ryzen 9",10.3318112633181,1,16,"DDR4",1024,0,"Windows","64-bit",4,"Casual",15.6,0,0,"No","No",1854.67741935484,162990,29,4.6,28,4,"high"
"873","ASUS","ROG","AMD","Ryzen 9",10.3318112633181,1,16,"DDR4",1024,0,"Windows","64-bit",6,"Casual",15.6,0,1,"No","Yes",2096.61290322581,187990,30,4.3,204,35,"high"
"874","ASUS","ROG","AMD","Ryzen 9",10.3318112633181,1,16,"LPDDR4X",1024,0,"Windows","64-bit",4,"Casual",13.4,0,1,"Yes","Yes",1854.67741935484,175990,34,4.3,32,6,"high"
"876","ASUS","VivoBook","AMD","Ryzen 9",10.3318112633181,1,4,"DDR4",1024,0,"Windows","64-bit",0,"Casual",16,0,1,"No","No",1693.38709677419,142990,26,4.5,14,2,"high"
"877","ASUS","ROG","AMD","Ryzen 9",10.3318112633181,1,4,"LPDDR4X",1024,0,"Windows","64-bit",4,"Casual",16,0,1,"Yes","No",1854.67741935484,181990,36,4.7,14,1,"high"
"878","ASUS","ROG","AMD","Ryzen 9",10.3318112633181,1,4,"LPDDR4X",1024,0,"Windows","64-bit",4,"Casual",16,0,1,"Yes","Yes",2015.96774193548,175990,28,5,3,0,"high"
"884","ASUS","ROG","AMD","Ryzen 9",10.3318112633181,1,4,"LPDDR4X",1024,0,"Windows","64-bit",4,"Casual",15.1220212765957,1,1,"Yes","Yes",2015.96774193548,194990,35,4.2,44,12,"high"
"896","Lenovo","Thinkpad","AMD","Ryzen 5",10,0,8,"DDR4",512,0,"DOS","64-bit",0,"ThinNlight",14,0,0,"No","No",927.258064516129,78400,26,4.2,18,4,"mid"
